,Date,Textblob_polarity,Textblob_Emotional,Sentiment,senti,tb_pol,chg,Sentiment_avg,Textblob_polarity_avg,Textblob_Emotional_avg
0,2018-01-03,0.595190019,4.35102799,-197,-1,1,0.075674436,21.757575757575754,0.09593811410101011,0.8304844223131314
1,2018-01-04,0.281067727,3.100332559,-3,-1,1,0.230367182,14.666666666666666,0.07259038834444445,0.7411671475444445
2,2018-01-05,1.1188707409999998,4.102865445,257,1,1,0.269460898,82.7,0.17451826909999998,0.8343738465000001
3,2018-01-08,0.433381854,3.268826218,-8,-1,1,-0.01749742,29.923076923076923,0.12917515582692307,0.8170110960961539
4,2018-01-09,0.34266609600000003,3.362538554,-54,-1,1,0.12519303199999998,16.0,0.1100030972,0.7855745190222223
5,2018-01-10,0.675598521,3.8348701810000003,111,1,1,-0.20862904899999998,50.800000000000004,0.1296237693,0.8102629191999999
6,2018-01-11,0.757231468,3.241997623,153,1,1,0.172474293,32.125,0.19306632883333336,0.7803144052083333
7,2018-01-12,0.768623635,3.7289888839999996,88,1,1,0.09466363800000001,-4.022222222222222,0.1060640121111111,0.8227769514222221
8,2018-01-16,0.42003518799999995,3.1374568380000003,-98,-1,1,0.456528179,-12.955882352941176,0.08831667326470588,0.7769348481617647
9,2018-01-17,0.319920496,3.684442336,60,1,1,0.308673349,13.0625,0.097203435475,0.7532481923500001
10,2018-01-18,0.8652408290000001,4.522881873,271,1,1,-0.0057146409999999995,30.525252525252526,0.10912423207070708,0.823488816919192
11,2018-01-19,0.706326184,3.8545355210000003,120,1,1,0.163331641,25.5,0.1700303074,0.78771524385
12,2018-01-22,0.530961712,2.8915091489999996,173,1,1,-0.040569928,41.48351648351648,0.20075189775824176,0.8144482242637362
13,2018-01-23,0.43095648799999997,3.44660812,-64,-1,1,0.073423938,16.88888888888889,0.12898362855555556,0.7658214815111111
14,2018-01-24,1.105611256,4.367268711,260,1,1,0.221548126,79.63636363636364,0.19294233055681817,0.7916435213977273
15,2018-01-25,0.363377021,1.6295067380000001,108,1,1,0.306601882,46.6,0.13932659125000002,0.7978847170000001
16,2018-01-26,0.844597368,4.192595152,119,1,1,0.289864593,30.06818181818182,0.1375779671590909,0.7599197160681819
17,2018-01-29,0.49789784,2.260054916,119,1,1,-0.19632411100000002,30.833333333333332,0.149312533,0.7714946469166667
18,2018-01-30,0.949999948,4.532014488,242,1,1,-0.72857264,28.733333333333334,0.14207855876969697,0.7887714488909091
19,2018-01-31,0.457240828,2.8443339130000003,165,1,1,0.353595331,30.5,0.1355575647857143,0.8126836665
20,2018-02-01,0.572294839,2.7486689230000003,122,1,1,-0.26064456399999997,21.444444444444443,0.13050632027777778,0.8685612055
21,2018-02-02,1.218106087,4.7041895380000005,152,1,1,-0.462797705,46.81818181818182,0.18625059375,0.8395035763636365
22,2018-02-05,0.680851202,3.731311245,157,1,1,-0.76281077,1.9799999999999986,0.09559334816000001,0.7817913521
23,2018-02-06,0.450634965,2.7224365610000003,-55,-1,1,-1.289569143,11.07142857142857,0.11377710678571429,0.7890619265000001
24,2018-02-07,0.740109463,2.6739671659999997,277,1,1,-0.155462854,44.26373626373626,0.14063503920879122,0.786347819967033
25,2018-02-08,0.619818568,3.801872312,170,1,1,0.12492626800000001,24.588235294117645,0.11243106915294118,0.7978521705529411
26,2018-02-09,0.49540159200000006,3.537876391,-104,-1,1,0.805115432,-16.355555555555554,0.12859781933333334,0.7861858389777778
27,2018-02-12,0.654743672,3.570306493,110,1,1,0.6565994479999999,16.31313131313131,0.09280979407070708,0.7756041707171717
28,2018-02-13,0.41532855,3.275327888,57,1,1,-0.36633962600000003,27.875,0.10887025866666668,0.82599646
29,2018-02-14,0.6977471359999999,3.1633385560000002,58,1,1,-0.440489862,30.75,0.14198890066666664,0.7609199398333333
30,2018-02-15,0.35904912200000005,2.53623727,7,1,1,0.549541018,18.142857142857142,0.0951246422857143,0.7280771871428571
31,2018-02-16,0.9285436690000001,4.0616952280000005,176,1,1,-0.148654755,10.555555555555557,0.13559376927777778,0.8431986532777779
32,2018-02-20,0.389430465,2.653839118,24,1,1,-0.337819816,7.428571428571429,0.11107843032142858,0.7990370718333333
33,2018-02-21,0.9597579190000001,3.888162185,307,1,1,0.157202165,27.271428571428572,0.1300853951857143,0.7651096475714285
34,2018-02-22,0.898228991,3.0568147039999998,-132,-1,1,0.336495115,1.5,0.15837058960227274,0.7768763489999999
35,2018-02-23,0.46589584100000003,3.513810447,-106,-1,1,0.43787955700000003,-0.5999999999999996,0.0970715751,0.7793496046999999
36,2018-02-26,0.413923217,2.077917088,35,1,1,0.366544177,20.833333333333336,0.11646101565,0.8008102020166666
37,2018-02-27,0.29392238800000003,2.7519794510000004,0,0,1,0.030574669,-4.6,0.0688154818,0.7476476777750001
38,2018-02-28,0.8194718790000001,3.389308193,223,1,1,0.346174585,28.563492063492063,0.14163683535714286,0.7846684291507937
39,2018-03-01,0.595178851,3.05428164,141,1,1,0.051215166,1.708333333333334,0.094344984375,0.7502145405
40,2018-03-02,0.9681667509999999,4.345169277,142,1,1,-0.701357144,43.57575757575758,0.1626057786818182,0.7922402444848484
41,2018-03-05,0.747034509,3.437874113,-103,-1,1,-0.37863228600000004,-7.777777777777779,0.15042109013333332,0.7906813851555554
42,2018-03-06,0.681127905,3.2500320069999997,67,1,1,0.339588173,3.708333333333333,0.13200442534722223,0.7891248926527777
43,2018-03-07,0.28032328,2.477700548,2,1,1,-0.65760248,7.054945054945055,0.08770990485714286,0.7295478888351647
44,2018-03-08,0.555366837,3.333761495,33,1,1,0.21820269399999997,3.5128205128205128,0.15611421456410257,0.7573138257350427
45,2018-03-09,0.6282462010000001,3.2990044380000003,118,1,1,0.508948311,31.75,0.170159454125,0.8062885370833334
46,2018-03-12,0.558402088,2.505349826,48,1,1,0.14246800199999998,42.857142857142854,0.15102537098214286,0.762176408625
47,2018-03-13,0.34726177700000005,3.0856227,81,1,1,0.333811435,-3.420454545454545,0.08000982757954546,0.7583469791363637
48,2018-03-14,0.866294742,3.577503901,106,1,1,0.316420214,15.34920634920635,0.12023693733333332,0.8005287983015873
49,2018-03-15,0.663059986,3.17333741,51,1,1,0.174216183,3.166666666666667,0.10152735002777778,0.6760010979305555
50,2018-03-16,0.980872489,3.860424757,416,1,1,0.117932325,54.766666666666666,0.15888687123333334,0.7817144753666667
51,2018-03-19,0.5077535129999999,2.8165397060000004,41,1,1,-0.386267743,5.958333333333333,0.09628332045833332,0.7599988105833333
52,2018-03-20,0.560022398,3.045228984,47,1,1,0.078517871,11.088888888888889,0.09557430468888889,0.7387100545999999
53,2018-03-21,0.532429693,3.0629685230000003,144,1,1,-0.071770124,28.333333333333336,0.13326774418055554,0.7511790767083334
54,2018-03-22,0.590604012,3.554794836,89,1,1,-0.7584939409999999,14.616161616161616,0.1078078929090909,0.7880461962727273
55,2018-03-23,0.475962007,3.1759542489999997,-13,-1,1,0.114235012,11.88888888888889,0.09506208144444445,0.7251587584444444
56,2018-03-26,0.516263253,2.7131629189999997,106,1,1,1.201196471,27.84285714285714,0.15325126258571428,0.8116467731142857
57,2018-03-27,0.463063225,3.539547549,18,1,1,0.33928342,22.0,0.10837314136111112,0.8126850324166666
58,2018-03-28,0.550781399,3.037792392,86,1,1,-0.05052660900000001,24.25,0.11807260230357143,0.7468650547142857
59,2018-03-29,0.9936974540000001,4.117333769,97,1,1,0.361225033,3.4499999999999993,0.18999594315,0.80544208065
60,2018-04-02,0.8258458609999999,3.61870958,146,1,1,-0.280974288,22.84722222222222,0.15038127922222222,0.7951090302222221
61,2018-04-03,0.445121637,2.605547166,70,1,1,0.398548326,5.0,0.14155561288571428,0.7902117466142857
62,2018-04-04,0.583340698,3.407992327,-10,-1,1,-1.16314761,13.78888888888889,0.1085632364111111,0.7844300392111111
63,2018-04-05,0.370008127,2.640308636,-44,-1,1,0.47907945,-6.035714285714286,0.10564224048214285,0.7731255967499999
64,2018-04-06,0.90832042,4.638345435,98,1,1,-0.639167917,38.666666666666664,0.14265862383333333,0.76705250125
65,2018-04-09,0.595929295,3.717905627,-107,-1,1,0.488005663,2.1333333333333346,0.10432275700000002,0.7468834912
66,2018-04-10,0.225046037,2.6302352890000003,-101,-1,1,0.9662631009999999,3.6380952380952376,0.11448078919047619,0.7637435368285714
67,2018-04-11,0.7189446340000001,3.288492158,226,1,1,-0.488553224,23.747474747474747,0.1203640632020202,0.7292997479191918
68,2018-04-12,0.391204073,3.593925079,119,1,1,0.440548824,24.313131313131315,0.14750860031313132,0.7942978424141414
69,2018-04-13,0.6230920529999999,3.9358244310000003,103,1,1,0.484608131,2.3000000000000007,0.1180488079,0.7809410309
70,2018-04-16,0.353329739,2.602735469,28,1,1,0.519521461,0.0,0.10350071763636363,0.7406397524415584
71,2018-04-17,0.854157629,3.653672636,148,1,1,0.556414941,23.29059829059829,0.16727930091452992,0.778980546991453
72,2018-04-18,0.571284737,3.1277366539999996,67,1,1,0.137460417,27.102272727272727,0.153549063125,0.8240727573863635
73,2018-04-19,0.8052425529999999,3.883941102,186,1,1,-0.276152636,28.742857142857144,0.12267908522857142,0.7738558827714286
74,2018-04-20,0.372427574,3.611996827,-26,-1,1,-0.021158437999999998,-33.888888888888886,0.05322016455555555,0.7914110877777778
75,2018-04-23,0.411573436,3.0873124769999998,-107,-1,1,0.19699379,-49.541666666666664,0.05583306466666667,0.7927299567916666
76,2018-04-24,0.7181364,3.601266472,84,1,1,0.393590569,16.416666666666668,0.14872715466666667,0.8385541975277777
77,2018-04-25,0.140206373,2.7005986689999997,-71,-1,1,0.013659331,-41.30357142857143,0.03570130619642857,0.7435406391964285
78,2018-04-26,0.648183396,2.9981102739999996,74,1,1,0.464120651,12.166666666666666,0.12810786866666668,0.7590990338333333
79,2018-04-27,0.786712042,3.726052452,21,1,1,0.319843322,-6.166666666666666,0.1411435001111111,0.7897932818333333
80,2018-04-30,0.836818739,3.9916495519999997,225,1,1,0.471929693,20.916666666666668,0.14756785556666668,0.7954791135333332
81,2018-05-01,0.613537669,3.452803883,47,1,1,-0.19222023,-12.754545454545454,0.11585387217272726,0.7475577567545455
82,2018-05-02,0.60404601,2.856138304,126,1,1,-0.021096074,14.666666666666666,0.12338501105952382,0.8122866029642857
83,2018-05-03,0.7599620640000001,3.127583853,81,1,1,-0.287966398,6.875,0.153421088,0.8033633529583333
84,2018-05-04,0.829855323,3.8793681639999997,147,1,1,-0.314862338,24.7,0.14786993696666667,0.8306099127333333
85,2018-05-07,0.422531538,2.8683762589999997,-80,-1,1,0.635279697,7.333333333333332,0.11613230902777778,0.7849215530416667
86,2018-05-08,0.811938487,4.233199722,96,1,1,-0.088671951,-7.522727272727273,0.09607955085227272,0.8130982813636364
87,2018-05-09,0.649084605,3.009773024,114,1,1,0.232050192,28.61904761904762,0.12434601697619047,0.8204520956071428
88,2018-05-10,0.34881754299999995,3.305805367,-81,-1,1,0.267996411,32.875,0.13217123001785713,0.7996791105892858
89,2018-05-11,0.774382111,3.122331168,156,1,1,-0.013591908,3.333333333333332,0.10627690497777778,0.7718581987333333
90,2018-05-14,0.726003664,3.8522265069999997,166,1,1,0.394102038,18.711111111111112,0.11798503295555555,0.7634260140333333
91,2018-05-15,0.674231413,3.62457998,175,1,1,-0.422683001,15.944444444444443,0.12960517181944445,0.7730526996388889
92,2018-05-16,0.326517248,2.306690249,-56,-1,1,0.043156467000000004,-8.133333333333335,0.08165912453333332,0.7621306396333334
93,2018-05-17,0.561980177,3.781949238,-4,-1,1,-0.10101158699999999,1.1384615384615384,0.11653387400769231,0.8028975111076924
94,2018-05-18,0.715719648,2.90883485,159,1,1,-0.102193104,14.666666666666668,0.09579412033333333,0.6882760852222222
95,2018-05-21,0.476936197,3.372961277,-23,-1,1,0.8263977159999999,6.091503267973856,0.11074640754248366,0.7361774671633987
96,2018-05-22,0.581848709,3.0661705460000004,110,1,1,0.19502592800000002,25.32142857142857,0.1259501428392857,0.7786841900357143
97,2018-05-23,0.7250239740000001,3.713696686,-123,-1,1,-0.383930685,-27.1,0.1206517165,0.7589708549
98,2018-05-24,0.708035855,3.2303492310000004,22,1,1,-0.085980544,10.464285714285715,0.1297702703035714,0.8365521924464285
99,2018-05-25,0.520235761,3.058169313,94,1,1,-0.15250286300000002,13.25,0.128128979625,0.818151946125
100,2018-05-29,0.606740824,2.534066454,49,1,1,-0.596030994,16.625,0.15341630119642857,0.7361505471785714
101,2018-05-30,0.5459299129999999,3.3938330160000003,58,1,1,0.46730401299999996,-1.8680555555555554,0.11131254084722221,0.7954250456458334
102,2018-05-31,0.584983519,3.056840497,37,1,1,-0.11123414699999999,-0.9204545454545459,0.14655609560227273,0.7852290306704545
103,2018-06-01,1.160071975,4.604138625,235,1,1,0.49643590299999996,1.3636363636363633,0.1421846943030303,0.7647087994848485
104,2018-06-04,0.763969674,3.73315631,13,1,1,0.257798319,6.8999999999999995,0.14320101273333335,0.7806473352666666
105,2018-06-05,0.45004923700000005,3.177675119,12,1,1,0.057878374,-37.97435897435897,0.0785700177008547,0.753412631991453
106,2018-06-06,0.70463623,3.387579843,59,1,1,0.161887045,-0.8562091503267979,0.1308941845620915,0.7651445995098038
107,2018-06-07,0.648537272,3.3182266119999997,148,1,1,0.089815144,19.644444444444442,0.10005842748888888,0.7530656774777778
108,2018-06-08,0.572043724,3.6798550619999997,86,1,1,-0.163517115,14.355555555555554,0.1322265675777778,0.8568256098666667
109,2018-06-11,0.659525088,3.080416563,122,1,1,0.041377831000000004,13.326923076923077,0.13891038084615384,0.7725997815288461
110,2018-06-12,0.38192375700000003,2.7760782180000003,90,1,1,0.12940681699999998,9.928571428571429,0.09709832342857144,0.7934584365000001
111,2018-06-13,0.6945224529999999,3.970631306,113,1,1,0.039106651,22.96666666666667,0.07547262876666666,0.7870460209333333
112,2018-06-14,0.511008324,2.81838049,-63,-1,1,0.27309398,-6.875,0.11191428133333332,0.73227211825
113,2018-06-15,0.997531684,3.871044532,171,1,1,-0.169271442,29.35,0.1656395544,0.7521678061999999
114,2018-06-18,0.76831433,3.8980628360000003,168,1,1,-0.498977338,-16.575,0.13731938375000002,0.7832318765999999
115,2018-06-19,0.40906461899999996,3.631249426,-23,-1,1,-0.7837761240000001,-18.53076923076923,0.0788847939,0.7383481649846154
116,2018-06-20,0.461788676,1.9972510630000002,130,1,1,0.258449222,44.375,0.14785115895,0.7541483226000001
117,2018-06-21,0.549706575,3.800962891,-75,-1,1,0.070825235,-2.418181818181818,0.0894001081,0.750380357
118,2018-06-22,0.7030718009999999,3.3596493130000002,-27,-1,1,0.40112698,17.8,0.152574877,0.7341476965111111
119,2018-06-25,0.420100256,3.36206305,-68,-1,1,-0.433410599,-25.15555555555556,0.05831356482222222,0.7657603649111111
120,2018-06-26,0.289745659,3.2366451080000003,-170,-1,1,0.18586376899999998,-9.427350427350428,0.08733541703418804,0.7516450913760684
121,2018-06-27,0.7929836720000001,3.2627724469999997,119,1,1,0.19793513399999998,9.541666666666668,0.16433832133333334,0.8200739974583333
122,2018-06-28,0.869855248,4.198773248999999,232,1,1,-0.034817417,39.35384615384615,0.14530212333846154,0.7997142870538461
123,2018-06-29,0.471638165,1.842817935,107,1,1,0.398328025,47.4,0.18521295433333332,0.7848098086666667
124,2018-07-02,0.6154951320000001,3.155852359,122,1,1,-0.49368428299999995,14.5,0.12265596850000002,0.81014262675
125,2018-07-03,0.512811679,3.190666116,149,1,1,0.240585126,17.541666666666668,0.12446289829166667,0.7851235139166667
126,2018-07-05,0.782114348,3.5790850830000003,3,1,1,0.40431556700000004,-24.03030303030303,0.1343865254040404,0.7893459276060606
127,2018-07-06,0.9851376190000001,3.753250734,30,1,1,0.039093045,-9.5,0.15239016390000001,0.7613551509
128,2018-07-09,0.49081237200000005,2.957842201,126,1,1,0.57250286,40.91666666666667,0.13998181283333333,0.760472442125
129,2018-07-10,0.674622773,4.146259538,-111,-1,1,0.157682068,-19.5,0.1619393154,0.8212435822999999
130,2018-07-11,0.36123233200000004,2.359795977,1,1,1,-0.501818969,-3.0571428571428574,0.10699207415714286,0.7105293128000001
131,2018-07-12,0.58905318,3.13321993,6,1,1,0.32876017399999996,1.5961538461538463,0.11414857626923076,0.8213812727884615
132,2018-07-13,0.487649638,2.969828099,249,1,1,-0.048604947999999995,21.875,0.123981956,0.791582644875
133,2018-07-16,0.566267515,3.235317635,125,1,1,-0.141003712,17.548076923076923,0.11959153699038463,0.7942047999134615
134,2018-07-17,0.48366079700000003,3.678668713,354,1,1,-0.324819416,40.58181818181818,0.0934871967,0.7865348944818182
135,2018-07-18,0.7674311429999999,3.390574765,162,1,1,0.06406893599999999,20.666666666666668,0.1395010378333333,0.7660218265277778
136,2018-07-19,0.534463076,3.716529708,-106,-1,1,-0.221975968,-10.016666666666666,0.1121596201,0.7607810524666667
137,2018-07-20,0.622215938,2.466828684,56,1,1,0.002141516,26.833333333333336,0.20428719133333334,0.7830235395
138,2018-07-23,0.039940683,2.527043622,47,1,1,-0.094943525,13.602564102564102,0.07733352419230768,0.8057630700769232
139,2018-07-24,0.658468885,3.092896441,103,1,1,0.48806729200000004,47.875,0.15902125195833333,0.8058697152916667
140,2018-07-25,0.509880266,3.845598593,67,1,1,-0.094664656,31.325,0.139162627725,0.7727376958000001
141,2018-07-26,0.623381624,2.92195835,87,1,1,-0.371743417,21.125,0.1751491493333333,0.7913420725833333
142,2018-07-27,1.053580446,4.780525792,196,1,1,0.173048817,29.333333333333332,0.11985919983333335,0.8115308929999999
143,2018-07-30,0.698454934,3.3008444839999997,131,1,1,0.006383225,7.517857142857142,0.1083299355357143,0.8091354835714286
144,2018-07-31,0.520095152,3.9515048489999995,26,1,1,0.254402432,25.044444444444444,0.09715756575555556,0.8048255411222222
145,2018-08-01,0.40904477200000006,2.769091734,95,1,1,0.17327344600000003,34.154761904761905,0.10359092876190477,0.7651183570119048
146,2018-08-02,0.453446216,3.137837713,-1,-1,1,-0.457820061,-13.23611111111111,0.1292414487638889,0.7448999632777777
147,2018-08-03,0.637713331,4.072663662,72,1,1,0.084894225,10.795454545454547,0.1338091526818182,0.810666136590909
148,2018-08-06,0.483826659,3.301190136,-194,-1,1,-0.002114479,6.244444444444444,0.14827516706666669,0.7663857316
149,2018-08-07,0.46935884299999997,3.1865740280000003,59,1,1,0.193657722,-16.910714285714285,0.128651563375,0.7459591997857143
150,2018-08-08,0.754882435,3.487920265,-23,-1,1,-0.058070357999999996,4.344444444444445,0.1453781840111111,0.7756432934111112
151,2018-08-09,0.517340877,2.9901478810000004,-76,-1,1,-0.017846861999999998,-22.875,0.141357557,0.79079413725
152,2018-08-10,0.641364971,3.3213001760000003,-78,-1,1,-0.514447655,-15.666666666666666,0.16063503955555555,0.8056694777460318
153,2018-08-13,0.176506678,2.667528892,-186,-1,1,0.076940211,-39.05128205128205,0.08535530595726495,0.7147436897264956
154,2018-08-14,0.454660905,3.0083994030000003,-52,-1,1,0.21084687800000002,-25.61111111111111,0.09334178968055555,0.7669605458194444
155,2018-08-15,0.6522935320000001,2.670833049,-29,-1,1,-0.42289363,14.625,0.16265253812500002,0.74576561125
156,2018-08-16,0.478606824,2.969360643,23,1,1,0.463736971,4.160714285714286,0.1313958757142857,0.7537169830892857
157,2018-08-17,0.490001622,3.804435615,-109,-1,1,-0.083425967,-17.5,0.11591839,0.7837075339
158,2018-08-20,0.608034214,3.4635198060000003,219,1,1,0.13332897,56.33333333333333,0.1672643871111111,0.7585659802
159,2018-08-21,0.7214069590000001,4.10827135,152,1,1,0.156103704,16.472727272727273,0.10783954117272729,0.7719419666363636
160,2018-08-22,0.5670049189999999,3.055339586,-13,-1,1,-0.068808881,4.975,0.117909507675,0.8218825052500001
161,2018-08-23,0.532798054,3.2411016619999997,2,1,1,-0.053463504,0.3472222222222222,0.11569006452777778,0.7660770431388888
162,2018-08-24,0.532097589,3.567226598,28,1,1,0.187964817,0.11111111111111116,0.10733793666666666,0.8653984902222223
163,2018-08-27,0.766654375,3.8103926689999996,377,1,1,0.34786360299999997,54.04273504273504,0.152207187982906,0.8131171907606838
164,2018-08-28,0.37052490899999996,2.8709685680000003,-30,-1,1,0.162595226,18.0,0.12498423945833331,0.7444397442499999
165,2018-08-29,0.579359474,3.688127114,-279,-1,1,0.106991415,-28.299999999999997,0.0991488921,0.7188476571
166,2018-08-30,0.785807644,3.4283267110000004,174,1,1,-0.175018105,41.75,0.16214839983333335,0.8778002303750001
167,2018-08-31,0.0,0.0,0,0,0,-0.095127269,20.4,0.0769985604,0.4199154506
168,2018-09-04,0.6163767529999999,3.442083147,-66,-1,1,-0.157161025,-5.7333333333333325,0.14063582182222223,0.7788489126
169,2018-09-05,0.471200124,3.581116933,-2,-1,1,-0.17709281100000002,-17.47222222222222,0.11262404570833334,0.8162689148194444
170,2018-09-06,0.456964784,2.962766442,27,1,1,0.0013776539999999999,-20.041666666666668,0.09489160216666667,0.7488277892499999
171,2018-09-07,0.615302432,2.888093974,48,1,1,-0.34016222399999996,-19.142857142857142,0.10196984842857143,0.8390043597619048
172,2018-09-10,0.466831021,3.400515574,-197,-1,1,0.33812824399999997,-20.97222222222222,0.08492741727777778,0.767823893611111
173,2018-09-11,0.684061004,3.562506088,17,1,1,-0.193241692,-31.53968253968254,0.09035197993650794,0.7396101759920635
174,2018-09-12,0.7000346409999999,3.4198181439999997,10,1,1,0.013856016,-9.126984126984127,0.11418910987301586,0.7584048328730159
175,2018-09-13,0.24399375899999998,2.754156505,-49,-1,1,0.27450313600000004,-28.818181818181817,0.10091289928571429,0.8347354751038961
176,2018-09-14,0.9491799340000001,4.3348668880000005,97,1,1,0.07575120099999999,28.81818181818182,0.16674801224242425,0.8185641363333334
177,2018-09-17,0.5745139429999999,2.407556614,-39,-1,1,-0.03958383,-28.57142857142857,0.14695484865079364,0.7582936265873016
178,2018-09-18,0.6913766709999999,3.104577778,36,1,1,0.067153883,9.033333333333333,0.15107375554166666,0.7743806755833333
179,2018-09-19,0.909193963,4.152358424,109,1,1,0.078849676,17.841176470588238,0.17348787724117648,0.8183343666941176
180,2018-09-20,0.662399781,3.05873242,-7,-1,1,0.40509738799999995,-15.875,0.1282213377361111,0.8071981176111112
181,2018-09-21,0.567593335,3.638221904,67,1,1,0.205067296,12.61111111111111,0.10082450461111112,0.8128277700555555
182,2018-09-24,0.420016045,3.1237562710000004,91,1,1,-0.267601606,23.675,0.131327341725,0.796865245375
183,2018-09-25,0.5872322170000001,3.926736136,205,1,1,0.081520421,19.666666666666668,0.12122489578333334,0.79204338885
184,2018-09-26,0.483013617,2.722523544,75,1,1,0.048701512999999995,11.964285714285714,0.13106456595238095,0.7958343519404761
185,2018-09-27,0.883714167,3.3290515810000003,115,1,1,0.195457341,26.27777777777778,0.172187471875,0.7601394704861111
186,2018-09-28,0.7504366440000001,3.857012974,201,1,1,-0.136237842,19.6,0.09330138290000002,0.75776933365
187,2018-10-01,0.550622406,3.31479891,182,1,1,0.42244829,1.3055555555555571,0.11963069697222223,0.7672049394166667
188,2018-10-02,0.660672488,3.660883466,105,1,1,-0.027013667999999998,12.484848484848484,0.12949331922222224,0.77622174210101
189,2018-10-03,0.611347019,3.389689803,-29,-1,1,0.28254516,-8.541666666666668,0.11240066637499999,0.8195506292083333
190,2018-10-04,0.5553346779999999,3.46294225,22,1,1,-0.210558572,10.694444444444445,0.1393694803611111,0.7986433826111112
191,2018-10-05,0.479440405,4.681574451,-24,-1,1,0.032048814,11.818181818181818,0.10644946786363638,0.8409977758636364
192,2018-10-08,0.64508025,3.70648821,-75,-1,1,-0.27862914,-17.833333333333336,0.11891217089583334,0.7839919393958333
193,2018-10-09,0.64623848,2.8676203069999997,36,1,1,-0.066561571,12.285714285714286,0.15092819414285713,0.7885560001428571
194,2018-10-10,0.7258999629999999,3.98903425,-82,-1,1,-0.22359115100000002,-11.628571428571428,0.11807816894285714,0.7974151670714285
195,2018-10-11,0.523461022,3.551712602,-130,-1,1,-0.31625365,-53.11111111111111,0.1092952516111111,0.7881158233055556
196,2018-10-12,0.467761728,2.974405767,-23,-1,1,1.5456085519999998,-38.875,0.029469894999999996,0.711313907875
197,2018-10-15,0.636114739,3.009593702,56,1,1,-0.119250083,19.125,0.1354825509375,0.7745452615
198,2018-10-16,0.660095569,3.434194725,198,1,1,0.591103266,48.44444444444444,0.17732600266666665,0.7970642303333333
199,2018-10-17,0.732807718,3.5195738760000004,197,1,1,0.062279355,15.68888888888889,0.11303652967777778,0.7977743572
200,2018-10-18,0.772495264,3.6295826019999997,206,1,1,-0.256654399,28.58888888888889,0.17761206471111113,0.7937165531777777
201,2018-10-19,0.820203432,4.565295502,-116,-1,1,0.248480657,5.933333333333334,0.1423859542,0.8084089358333333
202,2018-10-22,0.47635273100000003,3.112721615,29,1,1,0.222557864,-34.64772727272727,0.09237310173863636,0.7655098875113636
203,2018-10-23,0.46826546700000005,3.6260380710000004,-69,-1,1,-1.264563588,-23.666666666666668,0.07289705969333335,0.79401912868
204,2018-10-24,0.5153388870000001,3.1391755260000003,-220,-1,1,-0.102887385,-37.55882352941177,0.09588848640441178,0.8010392434558824
205,2018-10-25,0.801017471,3.20171926,103,1,1,0.707043578,-3.7250000000000014,0.13252624474166666,0.7835652267666666
206,2018-10-26,0.717091488,3.6068748,-99,-1,1,-1.3937898480000002,-6.0,0.14998258833333333,0.7898746589999999
207,2018-10-29,0.730506122,3.151085174,-97,-1,1,0.901194252,-15.555555555555557,0.11802643955555556,0.7214564788888889
208,2018-10-30,0.6492402820000001,4.320556797,-119,-1,1,-0.021583279,-14.675324675324676,0.09572758124675325,0.812100408564935
209,2018-10-31,0.31771763,2.861707602,35,1,1,0.8562573240000001,30.0,0.06594138185714285,0.7894247031587301
210,2018-11-01,0.367168169,3.611310055,-97,-1,1,0.215363122,2.0272727272727273,0.11713756471818182,0.7790318283181819
211,2018-11-02,0.843105433,4.062960531,136,1,1,0.185370361,2.5999999999999996,0.0851808603,0.8517297546
212,2018-11-05,0.14937430699999998,2.297695543,-54,-1,1,0.121556577,-0.09999999999999964,0.06705942863333333,0.7658759475666667
213,2018-11-06,0.856949938,3.56045353,378,1,1,0.003280993,58.4,0.16019166127777776,0.7998175300777779
214,2018-11-07,0.53406865,3.036994033,88,1,1,0.6779267259999999,18.154761904761905,0.11359668401190476,0.800487166595238
215,2018-11-08,0.476460283,3.958800055,-7,-1,1,-0.266890676,12.466666666666667,0.0724443563,0.7468238995833334
216,2018-11-09,0.663806146,3.7133669830000002,49,1,1,-0.453535843,12.9,0.13311959493333334,0.7468226589666667
217,2018-11-12,0.46819090799999996,4.163099558,23,1,1,-0.254586575,4.01948051948052,0.07993807867532468,0.7780627686818182
218,2018-11-13,0.320366341,1.2176995940000002,53,1,1,0.140490429,14.600000000000001,0.14752433573333334,0.7963433826
219,2018-11-14,0.819876452,4.397714016,190,1,1,0.577477283,24.65734265734266,0.12762735421678323,0.7889650445804195
220,2018-11-15,0.70865043,3.105345021,31,1,1,-0.298346092,3.763888888888889,0.13561200097222223,0.7717049567361112
221,2018-11-16,0.393435931,3.2621053989999997,-78,-1,1,-0.427071728,23.0,0.162959378625,0.8059236596249999
222,2018-11-19,0.621002609,3.728825777,287,1,1,-0.202101008,4.199999999999999,0.09902413331666667,0.7472265185333333
223,2018-11-20,0.176773612,2.191547254,-58,-1,1,-1.342753939,-20.166666666666664,0.051057387216666666,0.7676704505666666
224,2018-11-21,0.34553458299999995,3.461933737,-145,-1,1,0.599953,-27.227272727272727,0.08106305684545453,0.7057707072454544
225,2018-11-23,0.455668843,2.8496745389999996,-7,-1,1,-0.625292919,-9.375,0.115449640625,0.7284893556250001
226,2018-11-26,0.564824171,3.55999173,-32,-1,1,0.661330102,-1.5555555555555554,0.14645256372222223,0.8118518400416667
227,2018-11-27,0.7475443390000001,3.497622945,102,1,1,-0.36282523899999997,-9.466666666666667,0.15093544484444443,0.8177661907333333
228,2018-11-28,0.510965666,2.887477596,6,1,1,0.34598961200000006,-13.75,0.11626192233333334,0.7521043165833334
229,2018-11-29,0.557168317,3.8842915860000002,23,1,1,-0.24856378399999998,0.6749999999999998,0.1154925977,0.789800465475
230,2018-11-30,0.902259233,4.9637324519999995,203,1,1,-0.001462454,18.75,0.14649176375,0.8067837226666665
231,2018-12-03,0.27649163600000004,1.978723038,1,1,1,1.098848223,-23.8,0.08866200543076924,0.8104207856000001
232,2018-12-04,0.6171918710000001,3.647317675,87,1,1,-0.284556715,2.628571428571428,0.07092596352857143,0.7649510169285715
233,2018-12-06,0.6021379370000001,3.941871425,167,1,1,-1.3536754009999998,3.545454545454545,0.07956998545454547,0.7453610569090909
234,2018-12-07,0.24883201600000002,2.198854002,32,1,1,-0.17396248,12.555555555555555,0.10415676477777777,0.7799709043333334
235,2018-12-10,0.268186445,2.674335755,-108,-1,1,-0.08431079300000001,-22.539682539682538,0.12044672684126984,0.7681065285555555
236,2018-12-11,0.6346467379999999,3.9855951789999997,-175,-1,1,1.012994973,-5.992424242424242,0.10528314991666665,0.7387784140378788
237,2018-12-12,0.17391889,3.23573399,-45,-1,1,0.8134903529999999,-25.208333333333332,0.04020704666666666,0.7745291215833332
238,2018-12-13,0.435751902,2.762471692,40,1,1,0.28780389100000003,-0.625,0.147476942125,0.76014104125
239,2018-12-14,0.355746145,2.719251346,-118,-1,1,-0.7870134809999999,-21.107142857142858,0.10368034385714285,0.7938561835
240,2018-12-17,0.542623719,3.838711103,-32,-1,1,-0.353851087,-20.78333333333333,0.08094786681666666,0.7681768274666667
241,2018-12-18,0.621238721,3.714483035,105,1,1,0.548322477,41.88461538461539,0.1299621464076923,0.7716099378076924
242,2018-12-19,0.371067986,2.25435012,33,1,1,0.034959969,5.785714285714286,0.1032756195,0.7080108012857143
243,2018-12-20,0.541142042,3.64798386,-120,-1,1,-0.406466061,-34.66666666666667,0.09389418895000001,0.7540292590833333
244,2018-12-21,0.707615787,3.613652358,-50,-1,1,-0.082679038,18.0,0.0946296637,0.7654070138
245,2018-12-24,0.330043533,3.065593867,-60,-1,1,-0.664566949,-7.5,0.041255441625,0.383199233375
246,2018-12-26,0.659062594,4.213370664,10,1,1,0.511250863,-9.490909090909092,0.09514756937272728,0.7926681511272727
247,2018-12-27,0.23216975,2.926941813,-8,-1,1,-1.021191866,-1.2,0.05875703225000001,0.763776718225
248,2018-12-28,0.2001404,2.493488909,-106,-1,1,0.39938208299999994,35.58333333333333,0.14457753008333335,0.8085498350833333
249,2018-12-31,0.513716457,2.65141524,84,1,1,0.531027027,26.0,0.1489246936857143,0.7862842515142858
250,2019-01-02,0.431625251,3.2424068669999997,80,1,1,-1.192338415,17.13888888888889,0.10696182472222221,0.7234148202916666
251,2019-01-03,0.634777334,3.27989914,87,1,1,-0.721509592,36.291666666666664,0.1763296985138889,0.7856232045277778
252,2019-01-04,0.610488198,2.831751833,103,1,1,1.080121521,-4.885714285714288,0.09864978051428572,0.7328633235428572
253,2019-01-07,0.8204219859999999,3.745983892,72,1,1,0.14495470300000002,-5.9818181818181815,0.11514502469090909,0.7756107569272728
254,2019-01-08,0.282269676,2.529099949,-23,-1,1,0.722447295,20.839285714285715,0.08868435967857144,0.7459606854642857
255,2019-01-09,0.675797341,3.954819193,-5,-1,1,0.217140552,-9.676470588235293,0.09350598857058823,0.8001756650647058
256,2019-01-10,0.73670984,2.952905111,44,1,1,-0.442945011,-3.1363636363636367,0.13726664381818182,0.7698937495113636
257,2019-01-11,0.775986354,3.6159416589999998,58,1,1,-0.328493188,-9.222222222222221,0.16420799966666666,0.7861933856111111
258,2019-01-14,0.696344605,3.732044782,84,1,1,-0.614343367,12.9,0.1271536434,0.7355011193000001
259,2019-01-15,0.46941771600000004,3.421483662,-83,-1,1,0.096413711,-17.42222222222222,0.09451325553333334,0.7976684374
260,2019-01-16,0.547074828,3.340969556,-3,-1,1,0.170476615,-11.871794871794872,0.09793249623076922,0.7671823535555555
261,2019-01-17,0.447676395,2.7180897139999995,-64,-1,1,-0.260696002,6.607142857142858,0.12402905458928573,0.7988342254464285
262,2019-01-18,0.653414221,3.2323087630000003,129,1,1,0.580815294,17.525,0.156932418825,0.811389493775
263,2019-01-22,0.681533699,3.5553843130000002,8,1,1,-0.480399531,14.3,0.10664277610000002,0.7118436993
264,2019-01-23,0.6050593000000001,4.000307024,-142,-1,1,0.401841259,-17.738461538461536,0.12193062138461538,0.803416766476923
265,2019-01-24,0.476106449,2.665731679,13,1,1,0.0053108240000000004,-6.0,0.10192397978571427,0.7975763121428572
266,2019-01-25,0.6486070389999999,3.96364504,35,1,1,0.5718385979999999,1.8888888888888888,0.12201608202777776,0.7869344871944444
267,2019-01-28,0.5891535760000001,3.996747907,-54,-1,1,-0.742657462,-7.9,0.10487297472500001,0.755505382825
268,2019-01-29,0.123957174,2.729789508,-179,-1,1,0.039328815,-22.232142857142858,0.04912100975,0.7217510687142857
269,2019-01-30,0.322888733,2.9170945130000003,44,1,1,0.51591353,7.681818181818182,0.124126728625,0.7708224368522727
270,2019-01-31,0.329289072,2.9185583389999996,-22,-1,1,0.16560457,-11.142857142857142,0.0921378539090909,0.7693585235714285
271,2019-02-01,0.730121763,3.6603344360000003,81,1,1,-0.065827049,6.5,0.12515393133333333,0.7864866358888889
272,2019-02-04,0.59898919,3.294525156,71,1,1,-0.00147935,7.252525252525253,0.1344615048989899,0.7849596616666668
273,2019-02-05,0.337872569,3.49240329,94,1,1,0.127344444,0.14444444444444393,0.10967746625555555,0.7663279225
274,2019-02-06,0.788918318,3.8159235989999996,241,1,1,-0.096793016,16.677777777777777,0.18052892278888888,0.8181993010999999
275,2019-02-07,0.46412673200000004,2.6988092160000003,40,1,1,-0.515449774,-3.7857142857142856,0.10811008785714285,0.7708620464642858
276,2019-02-08,0.552726119,3.414293846,4,1,1,-0.505901264,-20.055555555555557,0.08069304322222222,0.7417507843888889
277,2019-02-11,0.5735499070000001,3.54635831,-77,-1,1,0.166920976,-7.138888888888888,0.12127860344444447,0.7674317136388888
278,2019-02-12,1.0439943859999998,4.824364003,131,1,1,0.47273076799999997,14.291666666666666,0.14878792804166666,0.7776223963333333
279,2019-02-13,0.08450361099999999,1.3467438669999998,-59,-1,1,0.202936843,-27.25,0.07966665885,0.7394896016499999
280,2019-02-14,0.637991996,5.0082283930000004,-119,-1,1,-0.346165105,3.4461538461538463,0.12901478798461538,0.8225192769230769
281,2019-02-15,0.501923552,3.136262859,107,1,1,0.528457273,11.375,0.1223888535,0.8302856845416666
282,2019-02-19,0.44001764299999996,2.043803717,147,1,1,-0.22770097,34.4,0.11000321926666666,0.7836002687333332
283,2019-02-20,0.8315760040000001,3.1417283780000003,561,1,1,-0.025540367999999997,67.53333333333333,0.14302279551111113,0.7310113108222223
284,2019-02-21,0.26533354800000003,2.985001739,214,1,1,-0.160159479,37.888888888888886,0.07249106333333334,0.7166662582222222
285,2019-02-22,0.404941645,2.7787870519999998,202,1,1,0.20865908800000002,36.523809523809526,0.08096124942857143,0.7897738261904762
286,2019-02-25,0.408252998,2.97545439,-10,-1,1,0.41824405,-7.9423076923076925,0.0976640294423077,0.7669064533653847
287,2019-02-26,0.679566097,3.9300188169999997,118,1,1,-0.13411489,9.3,0.10768459945,0.7864567328666666
288,2019-02-27,0.521933932,3.0865225260000004,126,1,1,-0.229066988,25.25,0.128895592625,0.7438814117500001
289,2019-02-28,0.588685145,3.839089977,176,1,1,-0.152908113,8.766666666666667,0.10918018766666666,0.7761074655333333
290,2019-03-01,0.255534327,3.0095680330000003,-130,-1,1,0.493087801,-3.75,0.06357827087500001,0.727726707125
291,2019-03-04,0.771959866,3.4296642530000003,41,1,1,0.38093284200000005,-3.5620915032679736,0.12651751503267974,0.7692413777124184
292,2019-03-05,0.522205259,2.600186906,-21,-1,1,0.057284722999999996,-5.9375,0.12762879303571428,0.7695132892857143
293,2019-03-06,0.7611819679999999,2.735691296,-24,-1,1,0.022229212,25.11111111111111,0.16113891777777778,0.7627410437777778
294,2019-03-07,0.636979914,3.928298805,-41,-1,1,-0.177521585,-18.1,0.0987535943,0.8017426437
295,2019-03-08,0.37844185399999997,3.752364521,33,1,1,-0.659889231,5.8,0.05614167889999999,0.8493765331
296,2019-03-11,0.5752029320000001,2.5188963319999997,-34,-1,1,0.165509409,1.9285714285714288,0.1467155057142857,0.7721307183571429
297,2019-03-12,0.48223752700000005,2.928559707,-57,-1,1,0.14515284,-4.943181818181818,0.1321856427840909,0.7707635892840909
298,2019-03-13,0.831963383,3.5658932510000003,223,1,1,0.29589649,27.77777777777778,0.16530194488888889,0.8321956525972223
299,2019-03-14,0.504939833,2.617067725,1,1,1,-0.019212182,-8.257142857142858,0.12615799565714286,0.7702065945571428
300,2019-03-15,0.558896519,3.41633892,65,1,1,0.082252984,-40.37777777777778,0.049995410222222224,0.7739496981333334
301,2019-03-18,0.706084888,3.219845699,152,1,1,0.004610375999999999,9.1,0.1512714401,0.793099963275
302,2019-03-19,0.919870614,3.5424692760000003,177,1,1,0.276040739,24.393939393939394,0.16323600281818182,0.7598487960606061
303,2019-03-20,0.538702934,3.3842152060000004,-31,-1,1,-0.043422773,-15.694444444444445,0.11781251013888888,0.7748688671944445
304,2019-03-21,0.36287817,2.7981447210000003,82,1,1,-0.159689891,5.7142857142857135,0.10734154338961038,0.765729111961039
305,2019-03-22,0.6881489209999999,3.480013407,59,1,1,-0.36288263299999995,7.305555555555555,0.1389345224722222,0.8509247440833334
306,2019-03-25,0.39749848,3.701284119,11,1,1,-0.167812849,-15.0,0.08804367077777778,0.8428316894444444
307,2019-03-26,0.661320165,3.4274624160000005,84,1,1,0.511006595,-16.128205128205124,0.1200155071794872,0.7742727171794872
308,2019-03-27,0.575987172,2.735688539,93,1,1,0.044705612,-4.130952380952381,0.10931211871428571,0.7809312966785714
309,2019-03-28,0.623082743,3.8171832830000003,-15,-1,1,0.143645401,1.5,0.112563796925,0.7332317665500001
310,2019-03-29,0.693817815,4.093349498,-1,-1,1,0.455704202,-9.340909090909092,0.08496983281818182,0.7820454153863636
311,2019-04-01,0.393114676,3.068126902,-24,-1,1,0.502045617,-7.0,0.057263812807692306,0.7896984968269231
312,2019-04-02,0.692957308,3.734591838,163,1,1,0.036622925,11.11111111111111,0.12363457644444444,0.7964664175897436
313,2019-04-03,0.6171604829999999,3.0856965069999998,203,1,1,0.308662605,8.48611111111111,0.13839871804166665,0.784721502375
314,2019-04-04,0.9470774359999999,3.857121062,523,1,1,0.020536226,31.716666666666665,0.12170938134999999,0.7458702797833333
315,2019-04-05,0.6391498210000001,3.291707078,92,1,1,0.16566077199999998,30.22222222222222,0.1507078391777778,0.7795964876888889
316,2019-04-08,0.501973064,3.242969747,-50,-1,1,-0.14795762199999998,-23.955882352941178,0.12454332611764705,0.7840843174338235
317,2019-04-09,0.54726606,3.877906543,32,1,1,-0.317357433,0.9142857142857146,0.1206972107142857,0.7599688765857142
318,2019-04-10,0.655984778,2.8134262000000003,37,1,1,0.11014405099999999,-8.805194805194805,0.14413493114285714,0.8015654418441558
319,2019-04-11,0.450252499,3.481117757,-172,-1,1,0.128451913,4.388888888888889,0.11922435694444444,0.6893224533888889
320,2019-04-12,0.508573785,3.307206803,119,1,1,0.434163762,32.72222222222222,0.09522128908333333,0.7601410765555556
321,2019-04-15,0.763391101,3.6897303160000003,138,1,1,0.03130471,13.5,0.16388668694444444,0.7860609497777777
322,2019-04-16,0.370377511,3.2702841360000003,-67,-1,1,0.229900105,0.4555555555555557,0.08455694477777778,0.7421814560000001
323,2019-04-17,0.789829235,3.453388297,95,1,1,0.308902475,27.72222222222222,0.16500361838888888,0.7899571877777778
324,2019-04-18,0.660221912,3.307991147,576,1,1,0.15032520800000002,77.0,0.110136435,0.8166872993750001
325,2019-04-22,0.543950277,2.771810333,-55,-1,1,-0.21514407600000002,5.476190476190477,0.12260490642857143,0.7602500462142856
326,2019-04-23,0.847470488,3.8876282630000003,171,1,1,0.069464938,32.900000000000006,0.14819247000000002,0.7810312736
327,2019-04-24,0.5041100629999999,3.18484535,46,1,1,0.010910132,13.295454545454547,0.11481388269318181,0.7934168263863636
328,2019-04-25,0.36602556799999997,3.0807762139999997,-193,-1,1,0.059441122,-17.875,0.110523036375,0.7815793135
329,2019-04-26,0.492187439,3.3577350530000003,-28,-1,1,-0.012298099,-9.11111111111111,0.12055542822222223,0.8504259655555556
330,2019-04-29,0.662329927,3.7976438519999998,26,1,1,0.02381714,13.225,0.09180104732500001,0.761777406325
331,2019-04-30,0.715676738,3.232387937,46,1,1,-0.200138519,18.67857142857143,0.14531113096428572,0.7942591938392857
332,2019-05-01,0.449892284,2.664497588,105,1,1,0.22065088,12.285714285714285,0.11834861907142857,0.7862762217142858
333,2019-05-02,0.505099121,3.020738529,131,1,1,-0.053700867,25.75,0.138327726875,0.801548739
334,2019-05-03,0.48213755399999997,3.5568502730000002,55,1,1,0.400680761,10.86111111111111,0.11666105933333333,0.781605394138889
335,2019-05-06,0.656725572,2.891561955,-76,-1,1,-1.247606678,-20.3,0.1370318476,0.738799885975
336,2019-05-07,0.604135321,3.839115277,71,1,1,-0.662920391,5.645454545454545,0.12155909355454544,0.778368446609091
337,2019-05-08,0.617153113,2.996704613,30,1,1,-0.15394814,3.9642857142857144,0.146861751125,0.786643717625
338,2019-05-09,0.633437218,3.806537472,103,1,1,-0.679992308,26.080808080808083,0.1682910014747475,0.832867858
339,2019-05-10,0.670021332,4.226428922,-26,-1,1,-0.265434216,13.969696969696969,0.14917012801515153,0.787540943090909
340,2019-05-13,0.42176694600000003,2.37070609,-43,-1,1,-1.4302062309999999,5.241758241758242,0.12226897024175826,0.7085846253406594
341,2019-05-14,0.610090853,3.298741335,8,1,1,0.293399042,-8.825396825396824,0.11811377841269842,0.7458283177142857
342,2019-05-15,0.46900488700000004,3.431291898,15,1,1,-0.494989424,0.6666666666666667,0.10536247781699347,0.7675202459803923
343,2019-05-16,0.784378968,3.621990298,404,1,1,0.16977046199999998,32.11111111111111,0.13087718577777777,0.8223788002222222
344,2019-05-17,0.658351185,4.080705598,180,1,1,-0.616063939,44.36363636363636,0.12777693922727273,0.8159946914318181
345,2019-05-20,0.566229989,3.02359974,104,1,1,-0.615139121,-13.7,0.09977721082499999,0.7232919997
346,2019-05-21,0.693290372,4.150452063,195,1,1,0.485525438,22.735294117647058,0.09679619490588234,0.8049062116529413
347,2019-05-22,0.8575601359999999,3.53824862,131,1,1,-0.28976974,-8.069444444444445,0.10140076980555555,0.7766770805555556
348,2019-05-23,0.35123741799999997,3.091447314,3,1,1,-0.685161705,-13.73611111111111,0.08820236902777778,0.7799687158055555
349,2019-05-24,0.506337191,3.403116275,102,1,1,0.360349294,18.55,0.139915522075,0.8196493203749999
350,2019-05-28,0.6595422479999999,3.271179268,178,1,1,0.140477223,-13.555555555555557,0.10627483766666665,0.7566735511111111
351,2019-05-29,0.46172830299999995,3.946823466,23,1,1,-0.43319784299999997,-1.7999999999999998,0.1207612717,0.7808096648
352,2019-05-30,0.738897722,3.8603971689999996,21,1,1,0.140851372,5.958333333333334,0.15137323026388888,0.8048462816527777
353,2019-05-31,0.554198272,3.6247644219999997,61,1,1,-0.814318546,36.1,0.1390145358,0.7841811174
354,2019-06-03,0.292109579,2.700257353,19,1,1,-0.019259365,4.2976190476190474,0.09959491910714285,0.7557611161785714
355,2019-06-04,0.621009556,3.5660800889999997,-47,-1,1,0.662790057,-8.555555555555555,0.09040516971111111,0.7961710536666666
356,2019-06-05,0.7069970640000001,3.045871545,16,1,1,0.52867074,-3.666666666666667,0.09849266566666667,0.7569251462916666
357,2019-06-06,0.612621477,3.8977575439999996,21,1,1,0.083509633,3.85,0.12790377995000002,0.7918339942749999
358,2019-06-07,0.499458759,3.1935116339999996,44,1,1,0.32988078,4.888888888888889,0.09196906206666666,0.778016402
359,2019-06-10,0.68540062,3.302516663,-63,-1,1,0.43468541299999996,-5.4,0.12673329314444445,0.7711185862888887
360,2019-06-11,0.578615958,3.458680948,72,1,1,0.572968001,44.92857142857143,0.11969637642857142,0.7415795681825397
361,2019-06-12,0.567945228,3.776263521,59,1,1,-0.10361331900000001,-2.5666666666666664,0.11412250006666669,0.7814363290333333
362,2019-06-13,0.6227264229999999,3.383643268,597,1,1,0.222231171,65.19642857142857,0.11886376373214286,0.8035671572142857
363,2019-06-14,0.638246658,3.958819618,-221,-1,1,-0.166681343,-22.59090909090909,0.11133594432954547,0.7481533966704546
364,2019-06-17,0.55454873,3.2713096860000004,-44,-1,1,0.09594869199999999,-4.0,0.10995819677777778,0.7743105003333333
365,2019-06-18,0.39676776799999997,3.1051692319999997,84,1,1,0.589688079,18.346153846153847,0.07435473738461539,0.7655707738461538
366,2019-06-19,0.481240014,2.9089725730000002,47,1,1,0.09596603,12.75,0.129010279375,0.7967974627500001
367,2019-06-20,0.519489461,3.2121475989999997,-107,-1,1,0.790721111,-58.317460317460316,0.07828693193650794,0.7615931502063491
368,2019-06-21,0.442416084,3.0735147080000003,-124,-1,1,-0.049759011,-18.785714285714285,0.12063482007142858,0.8076668185
369,2019-06-24,0.635700631,3.653947335,154,1,1,0.032535976,12.803418803418804,0.10109850905982905,0.7685700303333334
370,2019-06-25,0.599278989,3.0738031130000003,157,1,1,0.014596962,24.958333333333332,0.14640512149166668,0.7973829997916667
371,2019-06-26,0.89196846,4.92344672,176,1,1,0.29787637899999997,9.805128205128206,0.10193069206153846,0.7454874637025641
372,2019-06-27,0.622800396,2.207258496,84,1,1,0.20179570000000002,33.33333333333333,0.19084308116666668,0.7434726148333334
373,2019-06-28,0.45164091,2.632823841,13,1,1,0.27419620899999997,17.857142857142858,0.12458927,0.7441676355714286
374,2019-07-01,0.596634829,3.673146615,173,1,1,1.00789671,-2.2714285714285722,0.08523014697142857,0.711713683642857
375,2019-07-02,0.405017666,2.9842424380000003,164,1,1,0.011126763000000001,2.7857142857142847,0.10065157496428573,0.7371509833214286
376,2019-07-03,0.627891875,3.3587118339999997,47,1,1,0.17053653800000002,7.122222222222222,0.08854539848888889,0.7538234181777776
377,2019-07-05,0.528552734,3.4852318589999998,3,1,1,-0.38620705200000005,-3.4666666666666663,0.08108418655555556,0.8008001033333334
378,2019-07-08,0.6207980470000001,3.7846883,46,1,1,-0.35580047200000003,-24.434343434343436,0.08824174141414141,0.7626121149494949
379,2019-07-09,0.680610904,3.835101668,-14,-1,1,-0.350474027,-6.066666666666666,0.12504898373333334,0.76080993455
380,2019-07-10,0.144122962,2.52619514,-94,-1,1,0.324542524,-23.16190476190476,0.08151594337142858,0.7458346138666667
381,2019-07-11,0.600171812,3.281190505,9,1,1,0.218840477,-1.2222222222222223,0.12910508133333334,0.7580120518888889
382,2019-07-12,0.439550318,3.320609927,62,1,1,0.115009964,-39.611111111111114,0.07264970072222221,0.7448560885555555
383,2019-07-15,0.545381596,3.372950838,-38,-1,1,0.133720532,-10.63888888888889,0.1274418030277778,0.7694564912499999
384,2019-07-16,0.832045588,3.4406104589999997,31,1,1,-0.071995687,-25.555555555555557,0.14990398452777776,0.7941039358749999
385,2019-07-17,0.317311034,2.811070703,-31,-1,1,0.035287765,-49.375,0.089070080375,0.751166983125
386,2019-07-18,0.655314445,3.302408549,143,1,1,-0.185959243,13.88888888888889,0.15332540727777777,0.7694183333888889
387,2019-07-19,1.000525771,3.53356063,105,1,1,0.30549469,4.666666666666666,0.18620258127777778,0.7771136516111111
388,2019-07-22,0.837866372,3.498792517,33,1,1,0.178720895,19.166666666666668,0.14463820575555555,0.764965059511111
389,2019-07-23,0.577620046,3.5675642410000004,142,1,1,0.32528855100000004,-5.096153846153847,0.1138762354423077,0.8266065235096154
390,2019-07-24,0.71378607,3.689368755,-31,-1,1,-0.22292524100000002,6.555555555555555,0.1405816954102564,0.8009103713589745
391,2019-07-25,0.5186635310000001,3.448413069,-31,-1,1,-0.10928906099999999,-23.444444444444443,0.08593656509722224,0.7615201144166666
392,2019-07-26,0.521561564,3.805234069,65,1,1,0.318945769,14.0,0.10153484739999999,0.8068363044
393,2019-07-29,0.729004043,4.149169144,92,1,1,-0.04594187,-4.363636363636363,0.11291049127272727,0.77193483
394,2019-07-30,0.39280791600000003,2.867405007,78,1,1,-0.44058890799999995,-7.142857142857142,0.1147093582857143,0.7940173285714286
395,2019-07-31,0.306116481,2.5910613590000002,86,1,1,0.10089138800000001,6.0357142857142865,0.0885812626904762,0.7293510319642857
396,2019-08-01,0.544128603,3.393419873,9,1,1,-0.002006941,2.4,0.11957830116666668,0.7324375121555556
397,2019-08-02,0.6960815640000001,3.674425855,30,1,1,-0.327068218,9.142857142857142,0.14114188797142857,0.7614545619285713
398,2019-08-05,0.7519797009999999,3.3776058539999996,-198,-1,1,-1.158915431,-24.714285714285715,0.14537515668253967,0.7685070013333333
399,2019-08-06,0.567886336,3.589133263,1,1,1,0.577906644,-15.700000000000001,0.10943109166666667,0.7533364175666666
400,2019-08-07,0.19186868399999998,3.422450615,-74,-1,1,-0.8022887679999999,-6.585858585858585,0.09179667466666667,0.7692249809191918
401,2019-08-08,0.367969344,3.3760804230000003,-140,-1,1,0.42406606700000005,-41.91919191919192,0.08506577803030303,0.7277516447272727
402,2019-08-09,0.435198546,2.921721424,-137,-1,1,-0.257993387,-26.125,0.13412672005,0.785039542
403,2019-08-12,0.557521955,3.433399072,-58,-1,1,-0.396753101,-13.544444444444444,0.12378324518888889,0.7706009054777778
404,2019-08-13,0.821184457,3.4312086789999996,41,1,1,-0.06868493099999999,-33.74444444444444,0.16070710644444444,0.7520651619777777
405,2019-08-14,0.155848815,2.3345986,-104,-1,1,-1.099338598,-47.19047619047619,0.07182388387301587,0.6924739607142857
406,2019-08-15,0.8735991559999999,4.418578676,-55,-1,1,0.197136285,-23.492424242424242,0.15159240021212123,0.7246666584848485
407,2019-08-16,0.352269269,2.379821245,-51,-1,1,0.601906588,-27.75,0.13700182208333334,0.8079959639166667
408,2019-08-19,0.50032185,3.260791747,-46,-1,1,0.8585253270000001,-5.194444444444444,0.11681940791666666,0.7738706900277779
409,2019-08-20,0.878667176,3.3092440880000003,211,1,1,-0.158702058,8.644444444444442,0.13583271012222223,0.7676666810555556
410,2019-08-21,0.50027518,3.118130283,13,1,1,0.7422842609999999,3.394230769230769,0.11396700173076924,0.798106180375
411,2019-08-22,0.564460418,3.5644201860000004,0,0,1,0.22260782199999998,3.5454545454545454,0.12342005813131313,0.7702176602424242
412,2019-08-23,0.8552378829999999,4.362958628,0,0,1,-0.406434698,0.3333333333333333,0.11399428591666666,0.8239817020000001
413,2019-08-26,0.69740108,3.93314875,-58,-1,1,0.68806063,-4.925,0.1470436195,0.799060015375
414,2019-08-27,0.735496994,2.614775895,51,1,1,0.5127888039999999,-18.526785714285715,0.14565200439285714,0.7535111135089285
415,2019-08-28,0.49944475,3.072843034,-162,-1,1,-0.27464076800000004,-26.5,0.13757346136111112,0.7459335571527778
416,2019-08-29,0.425110854,3.450443143,162,1,1,0.776684288,23.714285714285715,0.09299226676190475,0.7484597128730159
417,2019-08-30,0.580512326,5.024217913999999,-587,-1,1,0.427754051,-34.15384615384615,0.1015530030576923,0.794423680826923
418,2019-09-03,0.5676510029999999,2.9907927880000003,-93,-1,1,-0.596281904,-12.73611111111111,0.09950065359722221,0.7570385052777778
419,2019-09-04,0.363939474,3.774504631,-311,-1,1,0.6331105579999999,-43.8,0.053855795000000005,0.7456816379
420,2019-09-05,0.635694809,2.852262947,589,1,1,0.7767793409999999,79.71428571428571,0.1470708522857143,0.8029983628571429
421,2019-09-06,0.721653285,4.020561847,-10,-1,1,0.145499937,1.6666666666666665,0.08581656583333333,0.7830418177
422,2019-09-09,0.720297266,3.7361587110000003,117,1,1,0.326314775,15.461538461538462,0.13319577017094017,0.8125620843589745
423,2019-09-10,0.35947092399999997,2.681227237,126,1,1,-0.24912192100000002,36.0,0.11607263092063491,0.7745288726507937
424,2019-09-11,0.387058788,3.1123650880000002,52,1,1,0.067799771,-2.0384615384615383,0.11626603919230769,0.7851737775384615
425,2019-09-12,0.60037457,3.245293759,124,1,1,0.271587364,21.0,0.13141230833333334,0.7279078488888888
426,2019-09-13,0.796408972,3.9960171730000003,79,1,1,0.08771660099999999,16.9,0.14799666895000002,0.7932730855500001
427,2019-09-16,0.311472294,3.136937507,-46,-1,1,-0.365099999,-12.753968253968253,0.06283023630952381,0.7237675156031746
428,2019-09-17,0.733639875,3.01346179,65,1,1,-0.07638657900000001,-4.721153846153847,0.09484691122115385,0.7331944879807692
429,2019-09-18,0.5878616210000001,2.682260871,56,1,1,-0.139732882,10.277777777777779,0.14880638373809524,0.7843622262063492
430,2019-09-19,0.549556476,3.57607629,-44,-1,1,0.120733387,8.911111111111111,0.14826503796666668,0.7743305291
431,2019-09-20,0.69258888,3.2170443360000003,40,1,1,0.054206738,7.611111111111111,0.12627492199999998,0.7259672778333334
432,2019-09-23,0.372571019,2.52824485,33,1,1,-0.286426058,-17.01904761904762,0.09294123375238095,0.7508019867809523
433,2019-09-24,0.732424649,3.2172185110000004,251,1,1,0.355972105,30.60576923076923,0.12267806443269232,0.7955961852596155
434,2019-09-25,0.5921264039999999,3.990367065,-45,-1,1,0.058990087999999996,-12.166666666666668,0.12905869462222222,0.7684223181666667
435,2019-09-26,0.560036247,3.35685065,54,1,1,0.028807394,0.75,0.120309211575,0.78664385215
436,2019-09-27,0.544247369,3.84534102,-77,-1,1,0.263628442,-31.128571428571426,0.06605166761428571,0.7578164458571428
437,2019-09-30,0.576048363,2.79888696,89,1,1,0.17827156,2.3458646616541348,0.1417903739699248,0.7624200633383459
438,2019-10-01,0.6942181540000001,3.3913737669999997,-72,-1,1,0.23347525100000002,-26.333333333333332,0.12172740533333334,0.7494769376666666
439,2019-10-02,0.48490139200000004,3.1989722439999997,170,1,1,-0.526144739,4.427350427350428,0.09665519290598291,0.729899813982906
440,2019-10-03,0.758060912,3.402505038,-109,-1,1,-0.077234271,-12.333333333333332,0.1593962065555556,0.8188712267777778
441,2019-10-04,0.56895918,3.076687817,87,1,1,0.272455657,-4.875,0.14005240475,0.810133808875
442,2019-10-07,0.39629131700000003,3.664863247,60,1,1,-0.263550234,-12.487179487179485,0.07865040294017095,0.8042593348290599
443,2019-10-08,0.592233108,3.4391646280000003,0,0,1,-0.625772392,-0.21428571428571427,0.12315814845238095,0.7558253931111112
444,2019-10-09,0.872782754,3.998864747,49,1,1,0.62356255,6.7,0.13542417510000002,0.7582257003
445,2019-10-10,0.542128046,3.1619632999999996,269,1,1,-0.029110555,55.70192307692308,0.15768522221153847,0.783262150576923
446,2019-10-11,0.895987678,3.910034057,295,1,1,0.8488455770000001,-18.5,0.09578359380000001,0.8357620647
447,2019-10-14,0.667505327,3.814307496,94,1,1,-0.150153384,-8.523076923076923,0.0972539973923077,0.7375476606
448,2019-10-15,0.565628236,3.001927683,86,1,1,0.251511398,7.9375,0.1315438353125,0.7560679223125
449,2019-10-16,0.312716251,2.305353025,89,1,1,-0.20028842,27.547619047619047,0.1220215110952381,0.7823780213095238
450,2019-10-17,0.6615950110000001,2.7745413389999998,343,1,1,0.37060960600000004,40.33653846153846,0.17714034637499998,0.7579757275288461
451,2019-10-18,0.504092773,3.1181082019999997,7,1,1,-0.037020741,-6.555555555555555,0.07399928177777777,0.7646023178888889
452,2019-10-21,0.39556217200000005,2.745244858,-48,-1,1,0.344251204,-6.142857142857142,0.12594775507142858,0.7533015840714286
453,2019-10-22,0.547652541,3.3181698089999996,-144,-1,1,0.133368249,-10.23076923076923,0.12260109777884616,0.8095961465096153
454,2019-10-23,0.471831877,3.1025474760000002,-125,-1,1,-0.06608768599999999,-33.54166666666667,0.10820972904166667,0.7564506881666666
455,2019-10-24,0.385736291,3.279219258,-113,-1,1,0.341485818,-28.77777777777778,0.07855481344444445,0.7601886387777779
456,2019-10-25,0.9657364429999999,4.60428414,48,1,1,-0.231538178,-0.23636363636363633,0.1275255298909091,0.7799952448545454
457,2019-10-28,0.279978075,3.732869646,-56,-1,1,0.316622329,-22.0,0.09554567677777778,0.7770892946666668
458,2019-10-29,0.702972692,3.326154933,-15,-1,1,-0.13259205400000001,-3.041666666666667,0.1325409075138889,0.7789498653333333
459,2019-10-30,0.773944399,3.3214240489999995,140,1,1,0.093849226,15.930555555555555,0.11870535511111112,0.7579242483055555
460,2019-10-31,0.22794120899999998,2.727750097,-352,-1,1,0.004262967,-56.42857142857143,0.072444018,0.782812309
461,2019-11-01,0.668232253,3.0580967969999997,98,1,1,0.433239569,32.91666666666667,0.19623603645833335,0.7956297324583332
462,2019-11-04,0.443236119,3.4367504689999997,179,1,1,0.39290521,9.955555555555556,0.09504899866666666,0.7837628332888888
463,2019-11-05,0.462445445,2.7005229739999996,101,1,1,0.082189973,20.582417582417584,0.10955213084615384,0.786880670978022
464,2019-11-06,0.46280765100000004,3.59136339,-6,-1,1,0.01561105,17.404761904761905,0.10622463276190477,0.7663860481666667
465,2019-11-07,0.5633678529999999,3.133563703,38,1,1,0.332815155,15.25,0.166211116,0.780469182
466,2019-11-08,0.067045833,1.249521281,-35,-1,1,-0.127380954,2.833333333333334,0.0873976795,0.8088445831666666
467,2019-11-11,0.950506095,4.009729393,-12,-1,1,-0.41221047200000005,-11.805194805194805,0.14428986671428573,0.776817503551948
468,2019-11-12,0.468318578,2.42147356,187,1,1,0.07353457,41.083333333333336,0.13968631825,0.7928640848333334
469,2019-11-13,0.66675249,3.4914093389999996,-86,-1,1,-0.24775396,-16.828282828282827,0.14923284463636366,0.7546504203636363
470,2019-11-14,0.649548244,3.057457856,50,1,1,-0.106334728,29.375,0.150036132875,0.775811378625
471,2019-11-15,0.905790559,4.6240762019999995,-221,-1,1,0.36459116799999997,-5.59090909090909,0.21176134502272728,0.8145025590681818
472,2019-11-18,0.39084595,2.094374773,-118,-1,1,-0.081720287,-16.666666666666668,0.13236030999999998,0.7279263747222222
473,2019-11-19,0.841071418,3.810165523,399,1,1,0.17360249,58.9,0.1468811887,0.7518947433000001
474,2019-11-20,0.890023142,4.408532345,75,1,1,-0.1769135,19.151515151515152,0.15193910997727272,0.7706427209772727
475,2019-11-21,0.51280894,3.74912335,-10,-1,1,0.0009660510000000001,-3.1818181818181817,0.10685797999999999,0.7635831356363636
476,2019-11-22,0.279720697,2.4229588669999997,-60,-1,1,0.25357729999999995,-5.0,0.09529124450000001,0.7724147008333333
477,2019-11-25,0.677096349,3.547322878,245,1,1,0.229878958,27.040404040404038,0.13306467512121212,0.7821143928080808
478,2019-11-26,0.55424203,3.024134653,90,1,1,0.038619787999999995,18.82142857142857,0.12411468732142858,0.7503100973392858
479,2019-11-27,0.44278871399999997,2.5329401259999997,1,1,1,0.158253113,8.742857142857142,0.12016386877142857,0.7395277067619047
480,2019-11-29,0.619192861,2.83953538,194,1,1,-0.204524672,-10.285714285714285,0.12854936300000003,0.7198079184285715
481,2019-12-02,0.38713729399999997,3.0146482000000003,-141,-1,1,0.091376488,-21.625,0.10601485014999999,0.7929078230000001
482,2019-12-03,0.918059618,4.1632887919999995,-130,-1,1,-0.8497530109999999,-7.660287081339713,0.14440283274641147,0.7820814146937798
483,2019-12-04,0.491925842,2.9756968169999998,-5,-1,1,0.332990075,18.785714285714285,0.1397359120982143,0.8014168575982143
484,2019-12-05,0.6855558740000001,3.670899116,436,1,1,0.20721003699999999,51.7,0.1231339934,0.7693659565
485,2019-12-06,0.747075753,4.359086644,123,1,1,0.551421714,1.4318181818181817,0.10074704554545455,0.804345192
486,2019-12-09,0.525904645,2.329283647,57,1,1,-0.12873238,-1.9615384615384617,0.11291647724358975,0.7858786057820513
487,2019-12-10,0.698988231,3.016303531,210,1,1,-0.019128226,47.15909090909091,0.17961548651136364,0.7758033539204545
488,2019-12-11,0.650946418,3.365012787,163,1,1,0.10311124699999999,23.11111111111111,0.11972492977777777,0.7496595404666667
489,2019-12-12,0.559410567,3.299272892,183,1,1,-0.012729136,61.33333333333333,0.12359565583333335,0.7599753532222222
490,2019-12-13,0.686625053,4.075701525,107,1,1,-0.060600395999999994,18.5,0.14142080070000002,0.8274622223000001
491,2019-12-16,0.452146415,3.257386217,-168,-1,1,0.467995259,-29.727272727272727,0.08276025732954545,0.7882771187613637
492,2019-12-17,0.591583592,2.74141177,56,1,1,0.123766665,26.555555555555557,0.13816290815873014,0.7903557185238095
493,2019-12-18,1.107104184,4.263334736,279,1,1,0.08425762099999999,22.363636363636363,0.13067383124242424,0.7863954191742424
494,2019-12-19,0.737389143,4.258921262,23,1,1,0.036982891000000004,13.209090909090907,0.12467180648181818,0.7779426890181819
495,2019-12-20,0.453926131,2.03951691,-33,-1,1,0.560308491,5.233333333333334,0.14964848636666667,0.7807347891666667
496,2019-12-23,0.487682386,2.6995355739999995,-92,-1,1,0.149945616,25.45714285714286,0.09334523788571428,0.8110181853428571
497,2019-12-24,0.821215867,3.7735615960000004,107,1,1,0.044663056,6.555555555555556,0.13113451944444446,0.8057649644444445
498,2019-12-26,0.489287078,3.3316631869999997,-166,-1,1,0.118511268,-20.694444444444443,0.09211579188888888,0.7689586409305555
499,2019-12-27,0.766944104,3.3677501110000003,426,1,1,0.225934318,80.75,0.121778781,0.827981653875
500,2019-12-30,0.576710574,3.6780112610000004,16,1,1,0.00216259,-31.672727272727272,0.10508394794545456,0.7061943806454546
501,2019-12-31,0.7020845029999999,3.156705455,46,1,1,-0.18967889699999999,10.75,0.13643369120833332,0.8225264432083333
502,2020-01-02,0.507378737,2.199226516,36,1,1,0.429923809,-12.2,0.12846121883333333,0.7534221162666667
503,2020-01-03,0.514085464,4.17727229,-121,-1,1,-0.966588065,-47.75,0.06147943118181818,0.7375919746136365
504,2020-01-06,0.38745504,2.216786517,-123,-1,1,-0.53480218,-16.5,0.12409400371428571,0.777082724
505,2020-01-07,0.536989198,4.150620338,-222,-1,1,-0.13615343800000002,-66.11931818181819,0.06976924513068182,0.7581287160113637
506,2020-01-08,0.802920923,3.28539323,252,1,1,0.043561256,21.4,0.14746261403888888,0.7650494602222222
507,2020-01-09,0.763292619,4.210853521000001,112,1,1,0.39900955299999996,8.931818181818182,0.11474274742424243,0.7828488477121213
508,2020-01-10,0.827183805,4.300303796000001,-26,-1,1,0.217122409,12.636363636363637,0.13507793372727273,0.7601320637272728
509,2020-01-13,0.75576706,3.81887086,-18,-1,1,0.177003537,0.11363636363636354,0.13221152261363636,0.7597516434318181
510,2020-01-14,0.575542144,3.445839663,195,1,1,-0.084540005,5.5,0.10939346794444446,0.7743222779166667
511,2020-01-15,0.578043459,2.986404137,195,1,1,-0.026799958999999998,14.121212121212121,0.09100422490909091,0.7152532895252526
512,2020-01-16,0.7361870540000001,3.3342019389999997,233,1,1,0.41589314,45.08888888888889,0.13785696185555557,0.731990832011111
513,2020-01-17,0.6283286260000001,2.791812465,246,1,1,0.206519318,37.142857142857146,0.1563120957857143,0.8365869791428572
514,2020-01-21,0.630733514,3.612046888,-62,-1,1,-0.257990029,4.298611111111111,0.13741742693055553,0.7789003219861111
515,2020-01-22,0.603096315,3.21679924,-21,-1,1,0.27794531899999997,1.1333333333333333,0.11342982153333334,0.7412741354444444
516,2020-01-23,0.549120575,3.116519205,66,1,1,-0.18002500100000002,-8.083333333333332,0.118466840125,0.8043366629583333
517,2020-01-24,0.587415925,3.474099962,-11,-1,1,0.22733326,31.77777777777778,0.19950681244444443,0.8128891945555556
518,2020-01-27,0.629169145,3.492336051,138,1,1,-1.4659535369999999,-6.589743589743589,0.09180175416239315,0.7842140400769231
519,2020-01-28,0.364097049,2.892153835,35,1,1,0.361330215,15.4,0.13141123954285713,0.8254409990714284
520,2020-01-29,0.524330096,3.284555456,94,1,1,0.403510449,12.194444444444445,0.09657107199305556,0.7899180129097223
521,2020-01-30,0.732699199,3.841548744,147,1,1,-0.517808752,3.6999999999999993,0.10030922062727274,0.7695303891272727
522,2020-01-31,0.611824513,3.2968357839999998,150,1,1,-0.04049853,16.166666666666668,0.11987264869444444,0.7366597463611111
523,2020-02-03,0.29928778899999997,2.94631355,-172,-1,1,0.314364584,-16.5,0.12224642462499999,0.75736662325
524,2020-02-04,0.6514028070000001,4.047852785,-277,-1,1,0.9754067909999999,-33.7,0.1252517637769231,0.7702667491153846
525,2020-02-05,0.574913961,2.884176166,295,1,1,0.828478479,34.642857142857146,0.11441365950000001,0.7715379537857143
526,2020-02-06,0.84778663,3.836257012,46,1,1,0.306774562,2.6999999999999997,0.134794144,0.7698587832
527,2020-02-07,0.338375253,3.928191781,-48,-1,1,-0.306056888,9.2,0.13987987696666665,0.8178075784333333
528,2020-02-10,0.915487202,3.92132401,228,1,1,-0.283376008,31.441558441558442,0.14773250734415583,0.7309071365519481
529,2020-02-11,0.675763068,3.677637688,118,1,1,0.41108767799999996,19.55,0.110465865425,0.7374432458
530,2020-02-12,0.665036609,3.0114397719999997,104,1,1,0.37971856200000004,-17.307692307692307,0.11414064266346152,0.7417933991153846
531,2020-02-13,0.520989871,3.948152332,158,1,1,-0.40095426799999995,13.355555555555556,0.10946088743333333,0.7723013405333333
532,2020-02-14,0.472700974,3.6643099639999996,55,1,1,0.12270926,20.25,0.1039378284,0.7398288284000001
533,2020-02-18,0.491502534,3.540890309,-45,-1,1,-0.328974763,-2.8,0.1135099461,0.7746429647
534,2020-02-19,0.599620329,3.774958699,83,1,1,0.299673126,10.383333333333335,0.10264397856666665,0.76192449365
535,2020-02-20,0.369017594,2.597147952,-108,-1,1,-0.16833133,-18.857142857142858,0.11636302371428572,0.7108153774285714
536,2020-02-21,0.674970173,3.607968907,17,1,1,-0.377382525,48.388888888888886,0.15606694188888887,0.7958163816111111
537,2020-02-24,0.382071392,2.9765027969999998,-378,-1,1,-2.401015432,-78.875,0.0826801216875,0.7366086332499999
538,2020-02-25,0.442531403,3.4325696810000004,-290,-1,1,0.40454105,-52.43650793650794,0.07867578046031745,0.7526804847936508
539,2020-02-26,0.619009888,3.839807668,-36,-1,1,0.373694271,-54.333333333333336,0.09575471661111111,0.8100169987777779
540,2020-02-27,0.588429337,3.266416515,-84,-1,1,-1.727956237,-96.2,0.104241777325,0.793491172875
541,2020-02-28,0.812944022,4.3552174919999995,-61,-1,1,-2.076706657,-4.688311688311689,0.13271358028571428,0.819392043051948
542,2020-03-02,0.29679270399999996,2.964410225,-27,-1,1,0.6790306340000001,-3.6477272727272725,0.09199356918181817,0.7592733066704545
543,2020-03-03,0.40719144799999996,3.4989265869999997,-334,-1,1,0.20160248600000003,-52.361111111111114,0.09912143952222222,0.7698322444777778
544,2020-03-04,0.382947958,2.851979428,121,1,1,1.411077595,-21.476190476190474,0.08208405304761904,0.8029293475238095
545,2020-03-05,0.517116347,3.038869216,-107,-1,1,-1.73859673,-38.63815789473684,0.11395433279605263,0.7502324413157895
546,2020-03-06,0.49331453200000003,3.430088118,-17,-1,1,-2.3062624119999997,-28.13888888888889,0.07954239027777778,0.78033000325
547,2020-03-09,0.5980967070000001,3.842700727,-371,-1,1,-3.649620348,-71.52857142857144,0.08308101870000001,0.7538861840571429
548,2020-03-10,0.4099224,3.6406305239999996,-110,-1,1,2.436499492,-20.748538011695906,0.08268575549122807,0.777848395614035
549,2020-03-11,0.40489749700000005,2.940892507,-171,-1,1,-1.9647940380000002,-73.93055555555556,0.06913506818055556,0.7485700272083333
550,2020-03-12,0.38235861600000004,3.422243916,-273,-1,1,-4.031538135,-55.63333333333333,0.10547426106666667,0.7775130924
551,2020-03-13,0.477947654,3.179186993,-68,-1,1,3.601897153,-50.0,0.134978348,0.7829462121249999
552,2020-03-16,0.442671245,3.146469017,-267,-1,1,-7.46692869,-55.52884615384615,0.09112023266346153,0.775016101201923
553,2020-03-17,0.577025272,3.5626869489999997,-149,-1,1,1.6566587419999999,-39.022222222222226,0.12021482504444445,0.7756085611777778
554,2020-03-18,0.727115242,3.20183061,-171,-1,1,-3.66480745,-43.0,0.1319697246875,0.7756360436875
555,2020-03-19,0.40938954,3.182426299,-203,-1,1,-0.192657395,-57.175,0.0806246544,0.819129411175
556,2020-03-20,0.314710968,3.35390369,-127,-1,1,0.935923609,-47.111111111111114,0.025481579166666664,0.7890048642222223
557,2020-03-23,0.442728781,4.194032984,-368,-1,1,-0.616505624,-61.383116883116884,0.07272987942857143,0.777809532103896
558,2020-03-24,0.493499467,3.966723083,-114,-1,1,4.784126385,-22.15,0.08628768035,0.8072425744
559,2020-03-25,0.36557122799999997,3.2164634089999997,-201,-1,1,0.42658493399999997,-51.70833333333333,0.09280239604166665,0.8025144725
560,2020-03-26,0.463167231,3.1808489110000004,-205,-1,1,1.039359978,-42.125,0.100594521375,0.8101033130892857
561,2020-03-27,0.32193551,3.659673508,-208,-1,1,-2.8212157560000004,-49.111111111111114,0.07105966462222221,0.7846582975777778
562,2020-03-30,0.586045868,4.749915015,-354,-1,1,0.688971736,-46.38235294117647,0.08339707178431371,0.7804204588382353
563,2020-03-31,0.606953757,3.005229052,-207,-1,1,-0.45533136799999996,-51.105769230769226,0.09150983954807693,0.7677480751153846
564,2020-04-01,0.518861891,3.5277861710000002,-184,-1,1,-3.347146233,-38.6797385620915,0.08798336363398693,0.7766071052222222
565,2020-04-02,0.423945277,3.686797433,-176,-1,1,-0.484110947,-40.0940170940171,0.09936280223931625,0.7982478276068377
566,2020-04-03,0.294803739,3.178800543,-185,-1,1,-0.47409794299999997,-20.125,0.12379472037500001,0.844973488375
567,2020-04-06,0.603043701,3.3985278930000002,-189,-1,1,3.601556284,-17.166666666666668,0.09943317416666667,0.7719311835833333
568,2020-04-07,0.335314197,3.156215557,-190,-1,1,2.814526243,-31.25,0.094277579125,0.7870846638472222
569,2020-04-08,0.283509481,3.0913705780000003,-93,-1,1,0.962246842,-26.932692307692307,0.06860242066346153,0.7945622041730769
570,2020-04-09,0.320470452,2.945671085,-148,-1,1,0.982189323,-37.16666666666667,0.09411129583333333,0.736278560625
571,2020-04-13,0.542921647,3.806601765,-152,-1,1,-0.26382014800000003,-45.45,0.1017104057,0.7637968332
572,2020-04-14,0.650696009,3.099118942,-92,-1,1,1.574078232,-39.233333333333334,0.09810935485833333,0.7613986068833334
573,2020-04-15,0.48100550299999995,3.6848414330000003,-100,-1,1,-1.7715777240000001,-30.747474747474747,0.11650741807070707,0.8302620497070707
574,2020-04-16,0.7121816320000001,3.8351410439999998,-276,-1,1,0.5741255120000001,-34.016666666666666,0.08830348695000001,0.77242997815
575,2020-04-17,0.42889819700000004,3.181621025,-220,-1,1,1.531670521,-23.166666666666668,0.09985655695833334,0.8284440517916667
576,2020-04-20,0.441420635,3.68515547,-148,-1,1,-1.006760715,-35.01587301587301,0.09119144736507936,0.8051962603174603
577,2020-04-21,0.43034842700000003,3.462715105,-365,-1,1,-1.358401745,-60.27777777777778,0.08475587111111112,0.7781541421111111
578,2020-04-22,0.397364901,3.522924469,-360,-1,1,1.8757064669999999,-76.07692307692308,0.08149559674358975,0.7550452373418803
579,2020-04-23,0.452277385,2.9581233160000004,-74,-1,1,0.396878625,-30.48076923076923,0.10622903897115385,0.7556263308846154
580,2020-04-24,0.6968518579999999,3.6426883,26,1,1,0.530411162,-10.333333333333332,0.10858063288888889,0.8104061076666667
581,2020-04-27,0.41771472299999995,3.713635389,-312,-1,1,0.631355435,-52.7719298245614,0.13301867331578948,0.8035173754912281
582,2020-04-28,0.32320322100000004,2.958270915,-77,-1,1,1.09363208,-18.519736842105264,0.08881937567763158,0.7613392567434211
583,2020-04-29,0.640918558,3.650380867,6,1,1,1.923247285,-15.924242424242424,0.12933540961111112,0.8144121437474747
584,2020-04-30,0.556617596,3.3188161939999996,-125,-1,1,-0.292569089,-47.73504273504274,0.10262154655555555,0.7475909358888888
585,2020-05-01,1.065324055,9.018357013,-250,-1,1,-1.488099105,-9.563636363636363,0.08131283428181818,0.8283585747727272
586,2020-05-04,1.244238927,8.282027451,-160,-1,1,-0.554629453,-27.85434173669468,0.12144903989075631,0.7747716821008404
587,2020-05-05,1.4985866380000001,7.198745717,215,1,1,0.9195316020000001,-20.54135338345865,0.11062776987593986,0.7719374810977444
588,2020-05-06,0.892770285,5.274750503,-334,-1,1,0.5124719870000001,-40.65714285714286,0.12820990307142857,0.7726721998714285
589,2020-05-07,1.322627333,8.933755649,-197,-1,1,1.047601432,-20.3989898989899,0.12475489367171716,0.7929355698939393
590,2020-05-08,0.7827781070000001,4.549498873,52,1,1,0.9593305990000001,3.533333333333333,0.15172127191666668,0.7848549380833334
591,2020-05-11,1.053581679,6.111980957999999,-71,-1,1,-0.48945619700000004,-6.628070175438596,0.11999820049473685,0.8073106335157895
592,2020-05-12,1.177349217,7.295757209,-27,-1,1,0.317728843,-18.88259109311741,0.12020813587854251,0.8005983326801619
593,2020-05-13,0.291338303,4.379828751,-149,-1,1,-0.14842618400000002,-37.90909090909091,0.06379344713636365,0.8015660697727272
594,2020-05-14,0.608411314,4.898777328,-395,-1,1,-0.9028354940000001,-51.38461538461539,0.08699701486324787,0.7759563082307692
595,2020-05-15,1.000993675,6.456678786,-23,-1,1,-0.790536331,-7.852941176470589,0.1405071050490196,0.7974411403039217
596,2020-05-18,0.75856679,5.716710616,-146,-1,1,1.75158561,-29.29855072463768,0.10845305589855073,0.7620907550231885
597,2020-05-19,0.65575108,3.873957228,-148,-1,1,-0.180094328,-29.572727272727274,0.11871638036363638,0.7892222043
598,2020-05-20,0.369023609,3.1848495839999997,-181,-1,1,1.049968252,-36.875,0.09823574537499999,0.7857327809999999
