Date,High,Low,Open,Close,Volume,Adj Close,chg
2018-01-03,2714.370117,2697.77002,2697.850098,2713.060059,3538660000,2713.060059,0.075674436
2018-01-04,2729.290039,2719.070068,2719.310059,2723.98999,3695260000,2723.98999,0.230367182
2018-01-05,2743.449951,2727.919922,2731.330078,2743.149902,3236620000,2743.149902,0.269460898
2018-01-08,2748.51001,2737.600098,2742.669922,2747.709961,3242650000,2747.709961,-0.01749742
2018-01-09,2759.139893,2747.860107,2751.149902,2751.290039,3453480000,2751.290039,0.125193032
2018-01-10,2750.800049,2736.060059,2745.550049,2748.22998,3576350000,2748.22998,-0.208629049
2018-01-11,2767.560059,2752.780029,2752.969971,2767.560059,3641320000,2767.560059,0.172474293
2018-01-12,2787.850098,2769.639893,2770.179932,2786.23999,3573970000,2786.23999,0.094663638
2018-01-16,2807.540039,2768.639893,2798.959961,2776.419922,4325970000,2776.419922,0.456528179
2018-01-17,2807.040039,2778.379883,2784.98999,2802.560059,3778050000,2802.560059,0.308673349
2018-01-18,2805.830078,2792.560059,2802.399902,2798.030029,3681470000,2798.030029,-0.005714641
2018-01-19,2810.330078,2798.080078,2802.600098,2810.300049,3639430000,2810.300049,0.163331641
2018-01-22,2833.030029,2808.120117,2809.159912,2832.969971,3471780000,2832.969971,-0.040569928
2018-01-23,2842.23999,2830.590088,2835.050049,2839.129883,3519650000,2839.129883,0.073423938
2018-01-24,2852.969971,2824.810059,2845.419922,2837.540039,4014070000,2837.540039,0.221548126
2018-01-25,2848.560059,2830.939941,2846.23999,2839.25,3835150000,2839.25,0.306601882
2018-01-26,2872.870117,2846.179932,2847.47998,2872.870117,3443230000,2872.870117,0.289864593
2018-01-29,2870.620117,2851.47998,2867.22998,2853.530029,3573830000,2853.530029,-0.196324111
2018-01-30,2837.75,2818.27002,2832.73999,2822.429932,3990650000,2822.429932,-0.72857264
2018-01-31,2839.26001,2813.040039,2832.409912,2823.810059,4261280000,2823.810059,0.353595331
2018-02-01,2835.959961,2812.699951,2816.449951,2821.97998,3938450000,2821.97998,-0.260644564
2018-02-02,2808.919922,2759.969971,2808.919922,2762.129883,4301130000,2762.129883,-0.462797705
2018-02-05,2763.389893,2638.169922,2741.060059,2648.939941,5283460000,2648.939941,-0.76281077
2018-02-06,2701.040039,2593.070068,2614.780029,2695.139893,5891660000,2695.139893,-1.289569143
2018-02-07,2727.669922,2681.330078,2690.949951,2681.659912,4626570000,2681.659912,-0.155462854
2018-02-08,2685.27002,2580.560059,2685.01001,2581,5305440000,2581,0.124926268
2018-02-09,2638.669922,2532.689941,2601.780029,2619.550049,5680070000,2619.550049,0.805115432
2018-02-12,2672.610107,2622.449951,2636.75,2656,4055790000,2656,0.656599448
2018-02-13,2668.840088,2637.080078,2646.27002,2662.939941,3472870000,2662.939941,-0.366339626
2018-02-14,2702.100098,2648.870117,2651.209961,2698.629883,4003740000,2698.629883,-0.440489862
2018-02-15,2731.51001,2689.820068,2713.459961,2731.199951,3684910000,2731.199951,0.549541018
2018-02-16,2754.419922,2725.110107,2727.139893,2732.219971,3637460000,2732.219971,-0.148654755
2018-02-20,2737.600098,2706.76001,2722.98999,2716.26001,3627610000,2716.26001,-0.337819816
2018-02-21,2747.75,2701.290039,2720.530029,2701.330078,3779400000,2701.330078,0.157202165
2018-02-22,2731.26001,2697.77002,2710.419922,2703.959961,3701270000,2703.959961,0.336495115
2018-02-23,2747.76001,2713.73999,2715.800049,2747.300049,3189190000,2747.300049,0.437879557
2018-02-26,2780.639893,2753.780029,2757.370117,2779.600098,3424650000,2779.600098,0.366544177
2018-02-27,2789.149902,2744.219971,2780.449951,2744.280029,3745080000,2744.280029,0.030574669
2018-02-28,2761.52002,2713.540039,2753.780029,2713.830078,4230660000,2713.830078,0.346174585
2018-03-01,2730.889893,2659.649902,2715.219971,2677.669922,4503970000,2677.669922,0.051215166
2018-03-02,2696.25,2647.320068,2658.889893,2691.25,3882450000,2691.25,-0.701357144
2018-03-05,2728.090088,2675.75,2681.060059,2720.939941,3710810000,2720.939941,-0.378632286
2018-03-06,2732.080078,2711.26001,2730.179932,2728.120117,3370690000,2728.120117,0.339588173
2018-03-07,2730.600098,2701.73999,2710.179932,2726.800049,3393270000,2726.800049,-0.65760248
2018-03-08,2740.449951,2722.649902,2732.75,2738.969971,3212320000,2738.969971,0.218202694
2018-03-09,2786.570068,2751.540039,2752.909912,2786.570068,3364100000,2786.570068,0.508948311
2018-03-12,2796.97998,2779.26001,2790.540039,2783.02002,3185020000,2783.02002,0.142468002
2018-03-13,2801.899902,2758.679932,2792.310059,2765.310059,3301650000,2765.310059,0.333811435
2018-03-14,2777.110107,2744.379883,2774.060059,2749.47998,3391360000,2749.47998,0.316420214
2018-03-15,2763.030029,2741.469971,2754.27002,2747.330078,3500330000,2747.330078,0.174216183
2018-03-16,2761.850098,2749.969971,2750.570068,2752.01001,5372340000,2752.01001,0.117932325
2018-03-19,2741.379883,2694.590088,2741.379883,2712.919922,3302130000,2712.919922,-0.386267743
2018-03-20,2724.219971,2710.050049,2715.050049,2716.939941,3261030000,2716.939941,0.078517871
2018-03-21,2739.139893,2709.790039,2714.98999,2711.929932,3415510000,2711.929932,-0.071770124
2018-03-22,2695.679932,2641.590088,2691.360107,2643.689941,3739800000,2643.689941,-0.758493941
2018-03-23,2657.669922,2585.889893,2646.709961,2588.26001,3815080000,2588.26001,0.114235012
2018-03-26,2661.360107,2601.810059,2619.350098,2658.550049,3511100000,2658.550049,1.201196471
2018-03-27,2674.780029,2596.120117,2667.570068,2612.620117,3706350000,2612.620117,0.33928342
2018-03-28,2632.649902,2593.060059,2611.300049,2605,3864500000,2605,-0.050526609
2018-03-29,2659.070068,2609.719971,2614.409912,2640.870117,3565990000,2640.870117,0.361225033
2018-04-02,2638.300049,2553.800049,2633.449951,2581.879883,3598520000,2581.879883,-0.280974288
2018-04-03,2619.139893,2575.48999,2592.169922,2614.449951,3392810000,2614.449951,0.398548326
2018-04-04,2649.860107,2573.610107,2584.040039,2644.689941,3350340000,2644.689941,-1.16314761
2018-04-05,2672.080078,2649.580078,2657.360107,2662.840088,3178970000,2662.840088,0.47907945
2018-04-06,2656.879883,2586.27002,2645.820068,2604.469971,3299700000,2604.469971,-0.639167917
2018-04-09,2653.550049,2610.790039,2617.179932,2613.159912,3062960000,2613.159912,0.488005663
2018-04-10,2665.449951,2635.780029,2638.409912,2656.870117,3543930000,2656.870117,0.966263101
2018-04-11,2661.429932,2639.25,2643.889893,2642.189941,3020760000,2642.189941,-0.488553224
2018-04-12,2674.719971,2653.830078,2653.830078,2663.98999,3021320000,2663.98999,0.440548824
2018-04-13,2680.26001,2645.050049,2676.899902,2656.300049,2960910000,2656.300049,0.484608131
2018-04-16,2686.48999,2665.159912,2670.100098,2677.840088,3019700000,2677.840088,0.519521461
2018-04-17,2713.340088,2692.050049,2692.73999,2706.389893,3234360000,2706.389893,0.556414941
2018-04-18,2717.48999,2703.629883,2710.110107,2708.639893,3383410000,2708.639893,0.137460417
2018-04-19,2702.840088,2681.899902,2701.159912,2693.129883,3349370000,2693.129883,-0.276152636
2018-04-20,2693.939941,2660.610107,2692.560059,2670.139893,3388590000,2670.139893,-0.021158438
2018-04-23,2682.860107,2657.98999,2675.399902,2670.290039,3017480000,2670.290039,0.19699379
2018-04-24,2683.550049,2617.320068,2680.800049,2634.560059,3706740000,2634.560059,0.393590569
2018-04-25,2645.300049,2612.669922,2634.919922,2639.399902,3499440000,2639.399902,0.013659331
2018-04-26,2676.47998,2647.159912,2651.649902,2666.939941,3665720000,2666.939941,0.464120651
2018-04-27,2677.350098,2659.01001,2675.469971,2669.909912,3219030000,2669.909912,0.319843322
2018-04-30,2682.870117,2648.040039,2682.51001,2648.050049,3734530000,2648.050049,0.471929693
2018-05-01,2655.27002,2625.409912,2642.959961,2654.800049,3559850000,2654.800049,-0.19222023
2018-05-02,2660.870117,2631.699951,2654.23999,2635.669922,4010770000,2635.669922,-0.021096074
2018-05-03,2637.139893,2594.620117,2628.080078,2629.72998,3851470000,2629.72998,-0.287966398
2018-05-04,2670.929932,2615.320068,2621.449951,2663.419922,3327220000,2663.419922,-0.314862338
2018-05-07,2683.350098,2664.699951,2680.340088,2672.629883,3237960000,2672.629883,0.635279697
2018-05-08,2676.340088,2655.199951,2670.26001,2671.919922,3717570000,2671.919922,-0.088671951
2018-05-09,2701.27002,2674.139893,2678.120117,2697.790039,3909500000,2697.790039,0.232050192
2018-05-10,2726.110107,2704.540039,2705.02002,2723.070068,3333050000,2723.070068,0.267996411
2018-05-11,2732.860107,2717.449951,2722.699951,2727.719971,2862700000,2727.719971,-0.013591908
2018-05-14,2742.100098,2725.469971,2738.469971,2730.129883,2972660000,2730.129883,0.394102038
2018-05-15,2718.590088,2701.909912,2718.590088,2711.449951,3290680000,2711.449951,-0.422683001
2018-05-16,2727.76001,2712.169922,2712.620117,2722.459961,3202670000,2722.459961,0.043156467
2018-05-17,2731.959961,2711.360107,2719.709961,2720.129883,3475400000,2720.129883,-0.101011587
2018-05-18,2719.5,2709.179932,2717.350098,2712.969971,3368690000,2712.969971,-0.102193104
2018-05-21,2739.189941,2725.699951,2735.389893,2733.01001,3019890000,2733.01001,0.826397716
2018-05-22,2742.23999,2721.879883,2738.340088,2724.439941,3366310000,2724.439941,0.195025928
2018-05-23,2733.330078,2709.540039,2713.97998,2733.290039,3326290000,2733.290039,-0.383930685
2018-05-24,2731.969971,2707.379883,2730.939941,2727.76001,3256030000,2727.76001,-0.085980544
2018-05-25,2727.360107,2714.98999,2723.600098,2721.330078,2995260000,2721.330078,-0.152502863
2018-05-29,2710.669922,2676.810059,2705.110107,2689.860107,3736890000,2689.860107,-0.596030994
2018-05-30,2729.340088,2702.429932,2702.429932,2724.01001,3561050000,2724.01001,0.467304013
2018-05-31,2722.5,2700.679932,2720.97998,2705.27002,4235370000,2705.27002,-0.111234147
2018-06-01,2736.929932,2718.699951,2718.699951,2734.620117,3684130000,2734.620117,0.496435903
2018-06-04,2749.159912,2740.540039,2741.669922,2746.870117,3376510000,2746.870117,0.257798319
2018-06-05,2752.610107,2739.51001,2748.459961,2748.800049,3517790000,2748.800049,0.057878374
2018-06-06,2772.389893,2748.459961,2753.25,2772.350098,3651640000,2772.350098,0.161887045
2018-06-07,2779.899902,2760.159912,2774.840088,2770.370117,3711330000,2770.370117,0.089815144
2018-06-08,2779.389893,2763.590088,2765.840088,2779.030029,3123210000,2779.030029,-0.163517115
2018-06-11,2790.209961,2780.169922,2780.179932,2782,3232330000,2782,0.041377831
2018-06-12,2789.800049,2778.780029,2785.600098,2786.850098,3401010000,2786.850098,0.129406817
2018-06-13,2791.469971,2774.649902,2787.939941,2775.629883,3779230000,2775.629883,0.039106651
2018-06-14,2789.060059,2776.52002,2783.209961,2782.48999,3526890000,2782.48999,0.27309398
2018-06-15,2782.810059,2761.72998,2777.780029,2779.659912,5428790000,2779.659912,-0.169271442
2018-06-18,2774.98999,2757.120117,2765.790039,2773.75,3287150000,2773.75,-0.498977338
2018-06-19,2765.050049,2743.189941,2752.01001,2762.590088,3661470000,2762.590088,-0.783776124
2018-06-20,2774.860107,2763.909912,2769.72998,2767.320068,3327600000,2767.320068,0.258449222
2018-06-21,2769.280029,2744.389893,2769.280029,2749.76001,3300060000,2749.76001,0.070825235
2018-06-22,2764.169922,2752.679932,2760.790039,2754.879883,5450550000,2754.879883,0.40112698
2018-06-25,2742.939941,2698.669922,2742.939941,2717.070068,3655080000,2717.070068,-0.433410599
2018-06-26,2732.909912,2715.600098,2722.120117,2723.060059,3555090000,2723.060059,0.185863769
2018-06-27,2746.090088,2699.379883,2728.449951,2699.629883,3776090000,2699.629883,0.197935134
2018-06-28,2724.340088,2691.98999,2698.689941,2716.310059,3428140000,2716.310059,-0.034817417
2018-06-29,2743.26001,2718.030029,2727.129883,2718.370117,3565620000,2718.370117,0.398328025
2018-07-02,2727.26001,2698.949951,2704.949951,2726.709961,3073650000,2726.709961,-0.493684283
2018-07-03,2736.580078,2711.159912,2733.27002,2713.219971,1911470000,2713.219971,0.240585126
2018-07-05,2737.830078,2716.02002,2724.189941,2736.610107,2953420000,2736.610107,0.404315567
2018-07-06,2764.409912,2733.52002,2737.679932,2759.820068,2554780000,2759.820068,0.039093045
2018-07-09,2784.649902,2770.72998,2775.620117,2784.169922,3050040000,2784.169922,0.57250286
2018-07-10,2795.580078,2786.23999,2788.560059,2793.840088,3063850000,2793.840088,0.157682068
2018-07-11,2785.909912,2770.77002,2779.820068,2774.02002,2964740000,2774.02002,-0.501818969
2018-07-12,2799.219971,2781.530029,2783.139893,2798.290039,2821690000,2798.290039,0.328760174
2018-07-13,2804.530029,2791.689941,2796.929932,2801.310059,2614000000,2801.310059,-0.048604948
2018-07-16,2801.189941,2793.389893,2797.360107,2798.429932,2812230000,2798.429932,-0.141003712
2018-07-17,2814.189941,2789.23999,2789.340088,2809.550049,3050730000,2809.550049,-0.324819416
2018-07-18,2816.76001,2805.889893,2811.350098,2815.620117,3089780000,2815.620117,0.064068936
2018-07-19,2812.050049,2799.77002,2809.370117,2804.48999,3266700000,2804.48999,-0.221975968
2018-07-20,2809.699951,2800.01001,2804.550049,2801.830078,3230210000,2801.830078,0.002141516
2018-07-23,2808.610107,2795.139893,2799.169922,2806.97998,2907430000,2806.97998,-0.094943525
2018-07-24,2829.98999,2811.120117,2820.679932,2820.399902,3417530000,2820.399902,0.488067292
2018-07-25,2848.030029,2817.72998,2817.72998,2846.070068,3553010000,2846.070068,-0.094664656
2018-07-26,2845.570068,2835.26001,2835.48999,2837.439941,3653330000,2837.439941,-0.371743417
2018-07-27,2843.169922,2808.340088,2842.350098,2818.820068,3415710000,2818.820068,0.173048817
2018-07-30,2821.73999,2798.110107,2819,2802.600098,3245770000,2802.600098,0.006383225
2018-07-31,2824.459961,2808.060059,2809.72998,2816.290039,3892100000,2816.290039,0.254402432
2018-08-01,2825.830078,2805.850098,2821.169922,2813.360107,3496990000,2813.360107,0.173273446
2018-08-02,2829.909912,2796.340088,2800.47998,2827.219971,3467380000,2827.219971,-0.457820061
2018-08-03,2840.379883,2827.370117,2829.620117,2840.350098,3030390000,2840.350098,0.084894225
2018-08-06,2853.290039,2835.97998,2840.290039,2850.399902,2874540000,2850.399902,-0.002114479
2018-08-07,2863.429932,2855.919922,2855.919922,2858.449951,3162770000,2858.449951,0.193657722
2018-08-08,2862.439941,2853.090088,2856.790039,2857.699951,2972200000,2857.699951,-0.058070358
2018-08-09,2862.47998,2851.97998,2857.189941,2853.580078,3047050000,2853.580078,-0.017846862
2018-08-10,2842.199951,2825.810059,2838.899902,2833.280029,3256040000,2833.280029,-0.514447655
2018-08-13,2843.399902,2819.879883,2835.459961,2821.929932,3158450000,2821.929932,0.076940211
2018-08-14,2843.110107,2826.580078,2827.879883,2839.959961,2976970000,2839.959961,0.210846878
2018-08-15,2827.949951,2802.48999,2827.949951,2818.370117,3645070000,2818.370117,-0.42289363
2018-08-16,2850.48999,2831.439941,2831.439941,2840.689941,3219880000,2840.689941,0.463736971
2018-08-17,2855.629883,2833.72998,2838.320068,2850.129883,3024100000,2850.129883,-0.083425967
2018-08-20,2859.76001,2850.620117,2853.929932,2857.050049,2748020000,2857.050049,0.13332897
2018-08-21,2873.22998,2861.320068,2861.51001,2862.959961,3147140000,2862.959961,0.156103704
2018-08-22,2867.540039,2856.050049,2860.98999,2861.820068,2689560000,2861.820068,-0.068808881
2018-08-23,2868.780029,2854.030029,2860.290039,2856.97998,2713910000,2856.97998,-0.053463504
2018-08-24,2876.159912,2862.350098,2862.350098,2874.689941,2596190000,2874.689941,0.187964817
2018-08-27,2898.25,2884.689941,2884.689941,2896.73999,2854080000,2896.73999,0.347863603
2018-08-28,2903.77002,2893.5,2901.449951,2897.52002,2683190000,2897.52002,0.162595226
2018-08-29,2916.5,2898.399902,2900.620117,2914.040039,2791860000,2914.040039,0.106991415
2018-08-30,2912.459961,2895.219971,2908.939941,2901.129883,2802180000,2901.129883,-0.175018105
2018-08-31,2906.320068,2891.72998,2898.370117,2901.52002,2880260000,2901.52002,-0.095127269
2018-09-04,2900.179932,2885.129883,2896.959961,2896.719971,3077060000,2896.719971,-0.157161025
2018-09-05,2894.209961,2876.919922,2891.590088,2888.600098,3241250000,2888.600098,-0.177092811
2018-09-06,2892.050049,2867.290039,2888.639893,2878.050049,3139590000,2878.050049,0.001377654
2018-09-07,2883.810059,2864.120117,2868.26001,2871.679932,2946270000,2871.679932,-0.340162224
2018-09-10,2886.929932,2875.939941,2881.389893,2877.129883,2731400000,2877.129883,0.338128244
2018-09-11,2892.52002,2866.780029,2871.570068,2887.889893,2899660000,2887.889893,-0.193241692
2018-09-12,2894.649902,2879.199951,2888.290039,2888.919922,3264930000,2888.919922,0.013856016
2018-09-13,2906.76001,2896.389893,2896.850098,2904.179932,3254930000,2904.179932,0.274503136
2018-09-14,2908.300049,2895.77002,2906.379883,2904.97998,3149800000,2904.97998,0.075751201
2018-09-17,2904.649902,2886.159912,2903.830078,2888.800049,2947760000,2888.800049,-0.03958383
2018-09-18,2911.169922,2890.429932,2890.73999,2904.310059,3074610000,2904.310059,0.067153883
2018-09-19,2912.360107,2903.820068,2906.600098,2907.949951,3280020000,2907.949951,0.078849676
2018-09-20,2934.800049,2919.72998,2919.72998,2930.75,3337730000,2930.75,0.405097388
2018-09-21,2940.909912,2927.110107,2936.76001,2929.669922,5607610000,2929.669922,0.205067296
2018-09-24,2923.790039,2912.629883,2921.830078,2919.370117,3372210000,2919.370117,-0.267601606
2018-09-25,2923.949951,2913.699951,2921.75,2915.560059,3285480000,2915.560059,0.081520421
2018-09-26,2931.149902,2903.280029,2916.97998,2905.969971,3388620000,2905.969971,0.048701513
2018-09-27,2927.219971,2909.27002,2911.649902,2914,3060850000,2914,0.195457341
2018-09-28,2920.530029,2907.5,2910.030029,2913.97998,3432300000,2913.97998,-0.136237842
2018-10-01,2937.060059,2917.909912,2926.290039,2924.590088,3364190000,2924.590088,0.42244829
2018-10-02,2931.419922,2919.370117,2923.800049,2923.429932,3401880000,2923.429932,-0.027013668
2018-10-03,2939.860107,2921.360107,2931.689941,2925.51001,3598710000,2925.51001,0.28254516
2018-10-04,2919.780029,2883.919922,2919.350098,2901.610107,3496860000,2901.610107,-0.210558572
2018-10-05,2909.639893,2869.290039,2902.540039,2885.570068,3328980000,2885.570068,0.032048814
2018-10-08,2889.449951,2862.080078,2877.530029,2884.429932,3330320000,2884.429932,-0.27862914
2018-10-09,2894.830078,2874.27002,2882.51001,2880.340088,3520500000,2880.340088,-0.066561571
2018-10-10,2874.02002,2784.860107,2873.899902,2785.679932,4501250000,2785.679932,-0.223591151
2018-10-11,2795.139893,2710.51001,2776.870117,2728.370117,4890630000,2728.370117,-0.31625365
2018-10-12,2775.77002,2729.439941,2770.540039,2767.129883,3966040000,2767.129883,1.545608552
2018-10-15,2775.98999,2749.030029,2763.830078,2750.790039,3300140000,2750.790039,-0.119250083
2018-10-16,2813.459961,2766.909912,2767.050049,2809.919922,3428340000,2809.919922,0.591103266
2018-10-17,2816.939941,2781.810059,2811.669922,2809.209961,3321710000,2809.209961,0.062279355
2018-10-18,2806.040039,2755.179932,2802,2768.780029,3616440000,2768.780029,-0.256654399
2018-10-19,2797.77002,2760.27002,2775.659912,2767.780029,3566490000,2767.780029,0.248480657
2018-10-22,2778.939941,2749.219971,2773.939941,2755.879883,3307140000,2755.879883,0.222557864
2018-10-23,2753.590088,2691.429932,2721.030029,2740.689941,4348580000,2740.689941,-1.264563588
2018-10-24,2742.590088,2651.889893,2737.870117,2656.100098,4709310000,2656.100098,-0.102887385
2018-10-25,2722.699951,2667.840088,2674.879883,2705.570068,4634770000,2705.570068,0.707043578
2018-10-26,2692.379883,2628.159912,2667.860107,2658.689941,4803150000,2658.689941,-1.393789848
2018-10-29,2706.850098,2603.540039,2682.649902,2641.25,4673700000,2641.25,0.901194252
2018-10-30,2685.429932,2635.340088,2640.679932,2682.629883,5106380000,2682.629883,-0.021583279
2018-10-31,2736.689941,2705.600098,2705.600098,2711.73999,5112420000,2711.73999,0.856257324
2018-11-01,2741.669922,2708.850098,2717.580078,2740.370117,4708420000,2740.370117,0.215363122
2018-11-02,2756.550049,2700.439941,2745.449951,2723.060059,4237930000,2723.060059,0.185370361
2018-11-05,2744.27002,2717.939941,2726.370117,2738.310059,3623320000,2738.310059,0.121556577
2018-11-06,2756.820068,2737.080078,2738.399902,2755.449951,3510860000,2755.449951,0.003280993
2018-11-07,2815.149902,2774.129883,2774.129883,2813.889893,3914750000,2813.889893,0.677926726
2018-11-08,2814.75,2794.98999,2806.379883,2806.830078,3630490000,2806.830078,-0.266890676
2018-11-09,2794.100098,2764.23999,2794.100098,2781.01001,4019090000,2781.01001,-0.453535843
2018-11-12,2775.98999,2722,2773.929932,2726.219971,3670930000,2726.219971,-0.254586575
2018-11-13,2754.600098,2714.97998,2730.050049,2722.179932,4091440000,2722.179932,0.140490429
2018-11-14,2746.800049,2685.75,2737.899902,2701.580078,4402370000,2701.580078,0.577477283
2018-11-15,2735.379883,2670.75,2693.52002,2730.199951,4179140000,2730.199951,-0.298346092
2018-11-16,2746.75,2712.159912,2718.540039,2736.27002,3975180000,2736.27002,-0.427071728
2018-11-19,2733.159912,2681.090088,2730.73999,2690.72998,3772900000,2690.72998,-0.202101008
2018-11-20,2669.439941,2631.52002,2654.600098,2641.889893,4357900000,2641.889893,-1.342753939
2018-11-21,2670.72998,2649.820068,2657.73999,2649.929932,3233550000,2649.929932,0.599953
2018-11-23,2647.550049,2631.090088,2633.360107,2632.560059,1651650000,2632.560059,-0.625292919
2018-11-26,2674.350098,2649.969971,2649.969971,2673.449951,3443950000,2673.449951,0.661330102
2018-11-27,2682.530029,2655.889893,2663.75,2682.169922,3485220000,2682.169922,-0.362825239
2018-11-28,2744,2684.379883,2691.449951,2743.790039,3951670000,2743.790039,0.345989612
2018-11-29,2753.75,2722.939941,2736.969971,2737.800049,3560770000,2737.800049,-0.248563784
2018-11-30,2760.879883,2732.76001,2737.76001,2760.169922,4658580000,2760.169922,-0.001462454
2018-12-03,2800.179932,2773.379883,2790.5,2790.370117,4186060000,2790.370117,1.098848223
2018-12-04,2785.929932,2697.179932,2782.429932,2700.060059,4499840000,2700.060059,-0.284556715
2018-12-06,2696.149902,2621.530029,2663.51001,2695.949951,5141470000,2695.949951,-1.353675401
2018-12-07,2708.540039,2623.139893,2691.26001,2633.080078,4216690000,2633.080078,-0.17396248
2018-12-10,2647.51001,2583.22998,2630.860107,2637.719971,4151030000,2637.719971,-0.084310793
2018-12-11,2674.350098,2621.300049,2664.439941,2636.780029,3905870000,2636.780029,1.012994973
2018-12-12,2685.439941,2650.26001,2658.22998,2651.070068,3958890000,2651.070068,0.813490353
2018-12-13,2670.189941,2637.27002,2658.699951,2650.540039,3927720000,2650.540039,0.287803891
2018-12-14,2635.070068,2593.840088,2629.679932,2599.949951,4035020000,2599.949951,-0.787013481
2018-12-17,2601.129883,2530.540039,2590.75,2545.939941,4616350000,2545.939941,-0.353851087
2018-12-18,2573.98999,2528.709961,2559.899902,2546.159912,4470880000,2546.159912,0.548322477
2018-12-19,2585.290039,2488.959961,2547.050049,2506.959961,5127940000,2506.959961,0.034959969
2018-12-20,2509.629883,2441.179932,2496.77002,2467.419922,5585780000,2467.419922,-0.406466061
2018-12-21,2504.409912,2408.550049,2465.379883,2416.620117,7609010000,2416.620117,-0.082679038
2018-12-24,2410.340088,2351.100098,2400.560059,2351.100098,2613930000,2351.100098,-0.664566949
2018-12-26,2467.76001,2346.580078,2363.120117,2467.699951,4233990000,2467.699951,0.511250863
2018-12-27,2489.100098,2397.939941,2442.5,2488.830078,4096610000,2488.830078,-1.021191866
2018-12-28,2520.27002,2472.889893,2498.77002,2485.73999,3702620000,2485.73999,0.399382083
2018-12-31,2509.23999,2482.820068,2498.939941,2506.850098,3442870000,2506.850098,0.531027027
2019-01-02,2519.48999,2467.469971,2476.959961,2510.030029,3733160000,2510.030029,-1.192338415
2019-01-03,2493.139893,2443.959961,2491.919922,2447.889893,3822860000,2447.889893,-0.721509592
2019-01-04,2538.070068,2474.330078,2474.330078,2531.939941,4213410000,2531.939941,1.080121521
2019-01-07,2566.159912,2524.560059,2535.610107,2549.689941,4104710000,2549.689941,0.144954703
2019-01-08,2579.820068,2547.560059,2568.110107,2574.409912,4083030000,2574.409912,0.722447295
2019-01-09,2595.320068,2568.889893,2580,2584.959961,4052480000,2584.959961,0.217140552
2019-01-10,2597.820068,2562.02002,2573.51001,2596.639893,3704500000,2596.639893,-0.442945011
2019-01-11,2596.27002,2577.399902,2588.110107,2596.26001,3434490000,2596.26001,-0.328493188
2019-01-14,2589.320068,2570.409912,2580.310059,2582.610107,3664450000,2582.610107,-0.614343367
2019-01-15,2613.080078,2585.100098,2585.100098,2610.300049,3572330000,2610.300049,0.096413711
2019-01-16,2625.76001,2612.679932,2614.75,2616.100098,3863770000,2616.100098,0.170476615
2019-01-17,2645.060059,2606.360107,2609.280029,2635.959961,3772270000,2635.959961,-0.260696002
2019-01-18,2675.469971,2647.580078,2651.27002,2670.709961,3986730000,2670.709961,0.580815294
2019-01-22,2657.879883,2617.27002,2657.879883,2632.899902,3908030000,2632.899902,-0.480399531
2019-01-23,2653.189941,2612.860107,2643.47998,2638.699951,3335610000,2638.699951,0.401841259
2019-01-24,2647.199951,2627.01001,2638.840088,2642.330078,3433250000,2642.330078,0.005310824
2019-01-25,2672.379883,2657.330078,2657.439941,2664.76001,3814080000,2664.76001,0.571838598
2019-01-28,2644.969971,2624.060059,2644.969971,2643.850098,3612810000,2643.850098,-0.742657462
2019-01-29,2650.929932,2631.050049,2644.889893,2640,3504200000,2640,0.039328815
2019-01-30,2690.439941,2648.340088,2653.620117,2681.050049,3867810000,2681.050049,0.51591353
2019-01-31,2708.949951,2678.649902,2685.48999,2704.100098,4917650000,2704.100098,0.16560457
2019-02-01,2716.659912,2696.879883,2702.320068,2706.530029,3759270000,2706.530029,-0.065827049
2019-02-04,2724.98999,2698.75,2706.48999,2724.870117,3359840000,2724.870117,-0.00147935
2019-02-05,2738.97998,2724.030029,2728.340088,2737.699951,3560430000,2737.699951,0.127344444
2019-02-06,2738.080078,2724.149902,2735.050049,2731.610107,3472690000,2731.610107,-0.096793016
2019-02-07,2719.320068,2687.26001,2717.530029,2706.050049,4099490000,2706.050049,-0.515449774
2019-02-08,2708.070068,2681.830078,2692.360107,2707.879883,3622330000,2707.879883,-0.505901264
2019-02-11,2718.050049,2703.790039,2712.399902,2709.800049,3361970000,2709.800049,0.166920976
2019-02-12,2748.189941,2722.610107,2722.610107,2744.72998,3827770000,2744.72998,0.472730768
2019-02-13,2761.850098,2748.629883,2750.300049,2753.030029,3670770000,2753.030029,0.202936843
2019-02-14,2757.899902,2731.22998,2743.5,2745.72998,3836700000,2745.72998,-0.346165105
2019-02-15,2775.659912,2760.23999,2760.23999,2775.600098,3641370000,2775.600098,0.528457273
2019-02-19,2787.330078,2767.290039,2769.280029,2779.76001,3533710000,2779.76001,-0.22770097
2019-02-20,2789.879883,2774.060059,2779.050049,2784.699951,3835450000,2784.699951,-0.025540368
2019-02-21,2781.580078,2764.550049,2780.23999,2774.879883,3559710000,2774.879883,-0.160159479
2019-02-22,2794.199951,2779.110107,2780.669922,2792.669922,3427810000,2792.669922,0.208659088
2019-02-25,2813.48999,2794.98999,2804.350098,2796.110107,3804380000,2796.110107,0.41824405
2019-02-26,2803.120117,2789.469971,2792.360107,2793.899902,3645680000,2793.899902,-0.13411489
2019-02-27,2795.76001,2775.129883,2787.5,2792.379883,3767130000,2792.379883,-0.229066988
2019-02-28,2793.72998,2782.51001,2788.110107,2784.48999,4396930000,2784.48999,-0.152908113
2019-03-01,2808.02002,2787.379883,2798.219971,2803.689941,3972280000,2803.689941,0.493087801
2019-03-04,2816.879883,2767.659912,2814.370117,2792.810059,3919810000,2792.810059,0.380932842
2019-03-05,2796.439941,2782.969971,2794.409912,2789.649902,3585690000,2789.649902,0.057284723
2019-03-06,2790.27002,2768.689941,2790.27002,2771.449951,3786600000,2771.449951,0.022229212
2019-03-07,2767.25,2739.090088,2766.530029,2748.929932,3904860000,2748.929932,-0.177521585
2019-03-08,2744.129883,2722.27002,2730.790039,2743.070068,3423130000,2743.070068,-0.659889231
2019-03-11,2784,2747.610107,2747.610107,2783.300049,3749030000,2783.300049,0.165509409
2019-03-12,2798.320068,2786.72998,2787.340088,2791.52002,3414230000,2791.52002,0.14515284
2019-03-13,2821.23999,2799.780029,2799.780029,2810.919922,3766150000,2810.919922,0.29589649
2019-03-14,2815,2803.459961,2810.379883,2808.47998,3469730000,2808.47998,-0.019212182
2019-03-15,2830.72998,2810.790039,2810.790039,2822.47998,5962730000,2822.47998,0.082252984
2019-03-18,2835.409912,2821.98999,2822.610107,2832.939941,3552190000,2832.939941,0.004610376
2019-03-19,2852.419922,2823.27002,2840.76001,2832.570068,3620220000,2832.570068,0.276040739
2019-03-20,2843.540039,2812.429932,2831.340088,2824.22998,3771200000,2824.22998,-0.043422773
2019-03-21,2860.310059,2817.379883,2819.719971,2854.879883,3546800000,2854.879883,-0.159689891
2019-03-22,2846.159912,2800.469971,2844.52002,2800.709961,4237200000,2800.709961,-0.362882633
2019-03-25,2809.790039,2785.02002,2796.01001,2798.360107,3376580000,2798.360107,-0.167812849
2019-03-26,2829.870117,2803.98999,2812.659912,2818.459961,3266050000,2818.459961,0.511006595
2019-03-27,2825.560059,2787.719971,2819.719971,2805.370117,3372930000,2805.370117,0.044705612
2019-03-28,2819.709961,2798.77002,2809.399902,2815.439941,3158170000,2815.439941,0.143645401
2019-03-29,2836.030029,2819.22998,2828.27002,2834.399902,3740700000,2834.399902,0.455704202
2019-04-01,2869.399902,2848.629883,2848.629883,2867.189941,3500760000,2867.189941,0.502045617
2019-04-02,2872.899902,2858.75,2868.23999,2867.23999,3246900000,2867.23999,0.036622925
2019-04-03,2885.25,2865.169922,2876.090088,2873.399902,3550240000,2873.399902,0.308662605
2019-04-04,2881.280029,2867.139893,2873.98999,2879.389893,3015180000,2879.389893,0.020536226
2019-04-05,2893.23999,2882.98999,2884.159912,2892.73999,3146820000,2892.73999,0.165660772
2019-04-08,2895.949951,2880.780029,2888.459961,2895.77002,3054030000,2895.77002,-0.147957622
2019-04-09,2886.879883,2873.330078,2886.580078,2878.199951,3007980000,2878.199951,-0.317357433
2019-04-10,2889.709961,2879.129883,2881.370117,2888.209961,3062380000,2888.209961,0.110144051
2019-04-11,2893.419922,2881.98999,2891.919922,2888.320068,2938540000,2888.320068,0.128451913
2019-04-12,2910.540039,2898.370117,2900.860107,2907.409912,3688490000,2907.409912,0.434163762
2019-04-15,2909.600098,2896.47998,2908.320068,2905.580078,3088330000,2905.580078,0.03130471
2019-04-16,2916.060059,2900.709961,2912.26001,2907.060059,3402210000,2907.060059,0.229900105
2019-04-17,2918,2895.449951,2916.040039,2900.449951,3602300000,2900.449951,0.308902475
2019-04-18,2908.399902,2891.899902,2904.810059,2905.030029,3506850000,2905.030029,0.150325208
2019-04-22,2909.51001,2896.350098,2898.780029,2907.969971,2997950000,2907.969971,-0.215144076
2019-04-23,2936.310059,2908.530029,2909.98999,2933.679932,3635030000,2933.679932,0.069464938
2019-04-24,2936.830078,2926.050049,2934,2927.25,3448960000,2927.25,0.010910132
2019-04-25,2933.100098,2912.840088,2928.98999,2926.169922,3425280000,2926.169922,0.059441122
2019-04-26,2939.879883,2917.560059,2925.810059,2939.879883,3248500000,2939.879883,-0.012298099
2019-04-29,2949.52002,2939.350098,2940.580078,2943.030029,3118780000,2943.030029,0.02381714
2019-04-30,2948.219971,2924.110107,2937.139893,2945.830078,3919330000,2945.830078,-0.200138519
2019-05-01,2954.129883,2923.360107,2952.330078,2923.72998,3645850000,2923.72998,0.22065088
2019-05-02,2931.679932,2900.5,2922.159912,2917.52002,3778890000,2917.52002,-0.053700867
2019-05-03,2947.850098,2929.209961,2929.209961,2945.639893,3338120000,2945.639893,0.400680761
2019-05-06,2937.320068,2898.209961,2908.889893,2932.469971,3181520000,2932.469971,-1.247606678
2019-05-07,2913.030029,2862.600098,2913.030029,2884.050049,3767100000,2884.050049,-0.662920391
2019-05-08,2897.959961,2873.280029,2879.610107,2879.419922,3485790000,2879.419922,-0.15394814
2019-05-09,2875.969971,2836.399902,2859.840088,2870.719971,3638820000,2870.719971,-0.679992308
2019-05-10,2891.310059,2825.389893,2863.100098,2881.399902,3529600000,2881.399902,-0.265434216
2019-05-13,2840.189941,2801.429932,2840.189941,2811.870117,3894030000,2811.870117,-1.430206231
2019-05-14,2852.540039,2820.120117,2820.120117,2834.409912,3322720000,2834.409912,0.293399042
2019-05-15,2858.679932,2815.080078,2820.379883,2850.959961,3125950000,2850.959961,-0.494989424
2019-05-16,2892.149902,2855.800049,2855.800049,2876.320068,3338060000,2876.320068,0.169770462
2019-05-17,2885.47998,2854.22998,2858.600098,2859.530029,3257950000,2859.530029,-0.616063939
2019-05-20,2853.860107,2831.290039,2841.939941,2840.22998,3288870000,2840.22998,-0.615139121
2019-05-21,2868.879883,2854.02002,2854.02002,2864.360107,3218700000,2864.360107,0.485525438
2019-05-22,2865.469971,2851.110107,2856.060059,2856.27002,3192510000,2856.27002,-0.28976974
2019-05-23,2836.699951,2805.48999,2836.699951,2822.23999,3891980000,2822.23999,-0.685161705
2019-05-24,2841.360107,2820.189941,2832.409912,2826.060059,2887390000,2826.060059,0.360349294
2019-05-28,2840.51001,2801.580078,2830.030029,2802.389893,4121410000,2802.389893,0.140477223
2019-05-29,2792.030029,2766.060059,2790.25,2783.02002,3700050000,2783.02002,-0.433197843
2019-05-30,2799,2776.73999,2786.939941,2788.860107,3273790000,2788.860107,0.140851372
2019-05-31,2768.97998,2750.52002,2766.149902,2752.060059,3981020000,2752.060059,-0.814318546
2019-06-03,2763.070068,2728.810059,2751.530029,2744.449951,3943810000,2744.449951,-0.019259365
2019-06-04,2804.48999,2762.639893,2762.639893,2803.27002,3810430000,2803.27002,0.662790057
2019-06-05,2827.280029,2800.919922,2818.090088,2826.149902,3548830000,2826.149902,0.52867074
2019-06-06,2852.100098,2822.449951,2828.51001,2843.48999,3396410000,2843.48999,0.083509633
2019-06-07,2884.969971,2852.870117,2852.870117,2873.340088,3220250000,2873.340088,0.32988078
2019-06-10,2904.77002,2885.51001,2885.830078,2886.72998,3209210000,2886.72998,0.434685413
2019-06-11,2910.610107,2878.530029,2903.27002,2885.719971,3548420000,2885.719971,0.572968001
2019-06-12,2888.570068,2874.679932,2882.72998,2879.840088,3034130000,2879.840088,-0.103613319
2019-06-13,2895.23999,2881.98999,2886.23999,2891.639893,3069810000,2891.639893,0.222231171
2019-06-14,2894.449951,2879.620117,2886.820068,2886.97998,2922330000,2886.97998,-0.166681343
2019-06-17,2897.27002,2887.300049,2889.75,2889.669922,2810140000,2889.669922,0.095948692
2019-06-18,2930.790039,2905.439941,2906.709961,2917.75,3437620000,2917.75,0.589688079
2019-06-19,2931.73999,2911.429932,2920.550049,2926.459961,3287890000,2926.459961,0.09596603
2019-06-20,2958.060059,2931.5,2949.600098,2954.179932,3905940000,2954.179932,0.790721111
2019-06-21,2964.149902,2946.870117,2952.709961,2950.459961,5000120000,2950.459961,-0.049759011
2019-06-24,2954.919922,2944.050049,2951.419922,2945.350098,3136250000,2945.350098,0.032535976
2019-06-25,2946.52002,2916.01001,2945.780029,2917.379883,3578050000,2917.379883,0.014596962
2019-06-26,2932.590088,2912.98999,2926.070068,2913.780029,3478130000,2913.780029,0.297876379
2019-06-27,2929.300049,2918.570068,2919.659912,2924.919922,3122920000,2924.919922,0.2017957
2019-06-28,2943.97998,2929.050049,2932.939941,2941.76001,5420700000,2941.76001,0.274196209
2019-07-01,2977.929932,2952.219971,2971.409912,2964.330078,3513270000,2964.330078,1.00789671
2019-07-02,2973.209961,2955.919922,2964.659912,2973.01001,3206840000,2973.01001,0.011126763
2019-07-03,2995.840088,2977.959961,2978.080078,2995.820068,1963720000,2995.820068,0.170536538
2019-07-05,2994.030029,2967.969971,2984.25,2990.409912,2434210000,2990.409912,-0.386207052
2019-07-08,2980.76001,2970.090088,2979.77002,2975.949951,2904550000,2975.949951,-0.355800472
2019-07-09,2981.899902,2963.439941,2965.52002,2979.629883,3028210000,2979.629883,-0.350474027
2019-07-10,3002.97998,2984.620117,2989.300049,2993.070068,3154240000,2993.070068,0.324542524
2019-07-11,3002.330078,2988.800049,2999.620117,2999.909912,3154620000,2999.909912,0.218840477
2019-07-12,3013.919922,3001.870117,3003.360107,3013.77002,2974960000,3013.77002,0.115009964
2019-07-15,3017.800049,3008.77002,3017.800049,3014.300049,2874970000,3014.300049,0.133720532
2019-07-16,3015.02002,3001.149902,3012.129883,3004.040039,3290650000,3004.040039,-0.071995687
2019-07-17,3005.26001,2984.25,3005.100098,2984.419922,3181600000,2984.419922,0.035287765
2019-07-18,2998.280029,2973.090088,2978.870117,2995.110107,3296580000,2995.110107,-0.185959243
2019-07-19,3006.02002,2975.860107,3004.26001,2976.610107,3260360000,2976.610107,0.30549469
2019-07-22,2990.709961,2976.649902,2981.929932,2985.030029,3003720000,2985.030029,0.178720895
2019-07-23,3005.899902,2988.560059,2994.73999,3005.469971,3313660000,3005.469971,0.325288551
2019-07-24,3019.590088,2996.820068,2998.77002,3019.560059,3428980000,3019.560059,-0.222925241
2019-07-25,3016.310059,2997.23999,3016.26001,3003.669922,3645270000,3003.669922,-0.109289061
2019-07-26,3027.97998,3012.590088,3013.25,3025.860107,3257590000,3025.860107,0.318945769
2019-07-29,3025.610107,3014.300049,3024.469971,3020.969971,3203710000,3020.969971,-0.04594187
2019-07-30,3017.189941,3000.939941,3007.659912,3013.179932,3634330000,3013.179932,-0.440588908
2019-07-31,3017.399902,2958.080078,3016.219971,2980.379883,4623430000,2980.379883,0.100891388
2019-08-01,3013.590088,2945.22998,2980.320068,2953.560059,4762300000,2953.560059,-0.002006941
2019-08-02,2945.5,2914.110107,2943.899902,2932.050049,3874660000,2932.050049,-0.327068218
2019-08-05,2898.070068,2822.120117,2898.070068,2844.73999,4513730000,2844.73999,-1.158915431
2019-08-06,2884.399902,2847.419922,2861.179932,2881.77002,4154240000,2881.77002,0.577906644
2019-08-07,2892.169922,2825.709961,2858.649902,2883.97998,4491750000,2883.97998,-0.802288768
2019-08-08,2938.719971,2894.469971,2896.209961,2938.090088,4106370000,2938.090088,0.424066067
2019-08-09,2935.75,2900.149902,2930.51001,2918.649902,3350640000,2918.649902,-0.257993387
2019-08-12,2907.580078,2873.139893,2907.070068,2882.699951,2851630000,2882.699951,-0.396753101
2019-08-13,2943.310059,2877.050049,2880.719971,2926.320068,3853600000,2926.320068,-0.068684931
2019-08-14,2894.149902,2839.639893,2894.149902,2840.600098,4312530000,2840.600098,-1.099338598
2019-08-15,2856.669922,2825.51001,2846.199951,2847.600098,4038000000,2847.600098,0.197136285
2019-08-16,2893.629883,2864.73999,2864.73999,2888.679932,3498150000,2888.679932,0.601906588
2019-08-19,2931,2913.47998,2913.47998,2923.649902,3212880000,2923.649902,0.858525327
2019-08-20,2923.629883,2899.600098,2919.01001,2900.51001,3066300000,2900.51001,-0.158702058
2019-08-21,2928.72998,2917.909912,2922.040039,2924.429932,3011190000,2924.429932,0.742284261
2019-08-22,2939.080078,2904.51001,2930.939941,2922.949951,2890880000,2922.949951,0.222607822
2019-08-23,2927.01001,2834.969971,2911.070068,2847.110107,3937300000,2847.110107,-0.406434698
2019-08-26,2879.27002,2856,2866.699951,2878.379883,2857600000,2878.379883,0.68806063
2019-08-27,2898.790039,2860.590088,2893.139893,2869.159912,3533630000,2869.159912,0.512788804
2019-08-28,2890.030029,2853.050049,2861.280029,2887.939941,3097420000,2887.939941,-0.274640768
2019-08-29,2930.5,2905.669922,2910.370117,2924.580078,3176190000,2924.580078,0.776684288
2019-08-30,2940.429932,2913.320068,2937.090088,2926.459961,3008450000,2926.459961,0.427754051
2019-09-03,2914.389893,2891.850098,2909.01001,2906.27002,3426790000,2906.27002,-0.596281904
2019-09-04,2938.840088,2921.860107,2924.669922,2937.780029,3163260000,2937.780029,0.633110558
2019-09-05,2985.860107,2960.600098,2960.600098,2976,3890700000,2976,0.776779341
2019-09-06,2985.030029,2972.51001,2980.330078,2978.709961,3208280000,2978.709961,0.145499937
2019-09-09,2989.429932,2969.389893,2988.429932,2978.429932,4002890000,2978.429932,0.326314775
2019-09-10,2979.389893,2957.01001,2971.01001,2979.389893,4390770000,2979.389893,-0.249121921
2019-09-11,3000.929932,2975.310059,2981.409912,3000.929932,3927550000,3000.929932,0.067799771
2019-09-12,3020.73999,3000.919922,3009.080078,3009.570068,3791860000,3009.570068,0.271587364
2019-09-13,3017.330078,3002.899902,3012.209961,3007.389893,3520060000,3007.389893,0.087716601
2019-09-16,3002.189941,2990.669922,2996.409912,2997.959961,4274640000,2997.959961,-0.365099999
2019-09-17,3006.209961,2993.72998,2995.669922,3005.699951,3671840000,3005.699951,-0.076386579
2019-09-18,3007.830078,2978.570068,3001.5,3006.72998,3435540000,3006.72998,-0.139732882
2019-09-19,3021.98999,3003.159912,3010.360107,3006.790039,3251290000,3006.790039,0.120733387
2019-09-20,3016.370117,2984.679932,3008.419922,2992.070068,6094740000,2992.070068,0.054206738
2019-09-23,2999.149902,2982.22998,2983.5,2991.780029,3186590000,2991.780029,-0.286426058
2019-09-24,3007.97998,2957.72998,3002.429932,2966.600098,3868160000,2966.600098,0.355972105
2019-09-25,2989.820068,2952.860107,2968.350098,2984.870117,3318870000,2984.870117,0.058990088
2019-09-26,2987.280029,2963.709961,2985.72998,2977.620117,3077240000,2977.620117,0.028807394
2019-09-27,2987.310059,2945.530029,2985.469971,2961.790039,3243650000,2961.790039,0.263628442
2019-09-30,2983.850098,2967.070068,2967.070068,2976.73999,3247610000,2976.73999,0.17827156
2019-10-01,2992.530029,2938.699951,2983.689941,2940.25,3558040000,2940.25,0.233475251
2019-10-02,2924.780029,2874.929932,2924.780029,2887.610107,3912520000,2887.610107,-0.526144739
2019-10-03,2911.129883,2855.939941,2885.379883,2910.629883,3503640000,2910.629883,-0.077234271
2019-10-04,2953.73999,2918.560059,2918.560059,2952.01001,2990830000,2952.01001,0.272455657
2019-10-07,2959.75,2935.679932,2944.22998,2938.790039,2940140000,2938.790039,-0.263550234
2019-10-08,2925.469971,2892.659912,2920.399902,2893.060059,3356450000,2893.060059,-0.625772392
2019-10-09,2929.320068,2907.409912,2911.100098,2919.399902,2726820000,2919.399902,0.62356255
2019-10-10,2948.459961,2917.120117,2918.550049,2938.129883,3217250000,2938.129883,-0.029110555
2019-10-11,2993.280029,2963.070068,2963.070068,2970.27002,3580460000,2970.27002,0.848845577
2019-10-14,2972.840088,2962.939941,2965.810059,2966.149902,2557020000,2966.149902,-0.150153384
2019-10-15,3003.280029,2973.610107,2973.610107,2995.679932,3340740000,2995.679932,0.251511398
2019-10-16,2997.540039,2985.199951,2989.679932,2989.689941,3222570000,2989.689941,-0.20028842
2019-10-17,3008.290039,2991.790039,3000.77002,2997.949951,3115960000,2997.949951,0.370609606
2019-10-18,3000,2976.310059,2996.840088,2986.199951,3264290000,2986.199951,-0.037020741
2019-10-21,3007.330078,2995.350098,2996.47998,3006.719971,3271620000,3006.719971,0.344251204
2019-10-22,3014.570068,2995.040039,3010.72998,2995.98999,3523890000,2995.98999,0.133368249
2019-10-23,3004.780029,2991.209961,2994.01001,3004.52002,3392870000,3004.52002,-0.066087686
2019-10-24,3016.070068,3000.419922,3014.780029,3010.290039,3692600000,3010.290039,0.341485818
2019-10-25,3027.389893,3001.939941,3003.320068,3022.550049,3370370000,3022.550049,-0.231538178
2019-10-28,3044.080078,3032.120117,3032.120117,3039.419922,3521230000,3039.419922,0.316622329
2019-10-29,3047.870117,3034.810059,3035.389893,3036.889893,3589930000,3036.889893,-0.132592054
2019-10-30,3050.100098,3025.959961,3039.73999,3046.77002,3776030000,3046.77002,0.093849226
2019-10-31,3046.899902,3023.189941,3046.899902,3037.560059,4139280000,3037.560059,0.004262967
2019-11-01,3066.949951,3050.719971,3050.719971,3066.909912,3930200000,3066.909912,0.433239569
2019-11-04,3085.199951,3074.870117,3078.959961,3078.27002,4146850000,3078.27002,0.39290521
2019-11-05,3083.949951,3072.149902,3080.800049,3074.620117,4486130000,3074.620117,0.082189973
2019-11-06,3078.340088,3065.889893,3075.100098,3076.780029,4458190000,3076.780029,0.01561105
2019-11-07,3097.77002,3080.22998,3087.02002,3085.179932,4144640000,3085.179932,0.332815155
2019-11-08,3093.090088,3073.580078,3081.25,3093.080078,3499150000,3093.080078,-0.127380954
2019-11-11,3088.330078,3075.820068,3080.330078,3087.01001,3035530000,3087.01001,-0.412210472
2019-11-12,3102.610107,3084.72998,3089.280029,3091.840088,3466010000,3091.840088,0.07353457
2019-11-13,3098.060059,3078.800049,3084.179932,3094.040039,3509280000,3094.040039,-0.24775396
2019-11-14,3098.199951,3083.26001,3090.75,3096.629883,3276070000,3096.629883,-0.106334728
2019-11-15,3120.459961,3104.600098,3107.919922,3120.459961,3335650000,3120.459961,0.364591168
2019-11-18,3124.169922,3112.060059,3117.909912,3122.030029,3436690000,3122.030029,-0.081720287
2019-11-19,3127.639893,3113.469971,3127.449951,3120.179932,3590070000,3120.179932,0.17360249
2019-11-20,3118.969971,3091.409912,3114.659912,3108.459961,4034890000,3108.459961,-0.1769135
2019-11-21,3110.110107,3094.550049,3108.48999,3103.540039,3720560000,3103.540039,0.000966051
2019-11-22,3112.870117,3099.26001,3111.409912,3110.290039,3226780000,3110.290039,0.2535773
2019-11-25,3133.830078,3117.439941,3117.439941,3133.639893,3511530000,3133.639893,0.229878958
2019-11-26,3142.689941,3131,3134.850098,3140.52002,4595590000,3140.52002,0.038619788
2019-11-27,3154.26001,3143.409912,3145.48999,3153.629883,3033090000,3153.629883,0.158253113
2019-11-29,3150.300049,3139.340088,3147.179932,3140.97998,1743020000,3140.97998,-0.204524672
2019-12-02,3144.310059,3110.780029,3143.850098,3113.870117,3268740000,3113.870117,0.091376488
2019-12-03,3094.969971,3070.330078,3087.409912,3093.199951,3653390000,3093.199951,-0.849753011
2019-12-04,3119.379883,3102.530029,3103.5,3112.76001,3695030000,3112.76001,0.332990075
2019-12-05,3119.449951,3103.76001,3119.209961,3117.429932,3355750000,3117.429932,0.207210037
2019-12-06,3150.600098,3134.620117,3134.620117,3145.909912,3479480000,3145.909912,0.551421714
2019-12-09,3148.870117,3135.459961,3141.860107,3135.959961,3345990000,3135.959961,-0.12873238
2019-12-10,3142.120117,3126.090088,3135.360107,3132.52002,3343790000,3132.52002,-0.019128226
2019-12-11,3143.97998,3133.209961,3135.75,3141.629883,3252540000,3141.629883,0.103111247
2019-12-12,3176.280029,3138.469971,3141.22998,3168.570068,3990690000,3168.570068,-0.012729136
2019-12-13,3182.679932,3156.51001,3166.649902,3168.800049,3736870000,3168.800049,-0.060600396
2019-12-16,3197.709961,3183.629883,3183.629883,3191.449951,4051790000,3191.449951,0.467995259
2019-12-17,3198.219971,3191.030029,3195.399902,3192.52002,3837540000,3192.52002,0.123766665
2019-12-18,3198.47998,3191.139893,3195.209961,3191.139893,4014080000,3191.139893,0.084257621
2019-12-19,3205.47998,3192.320068,3192.320068,3205.370117,3720450000,3205.370117,0.036982891
2019-12-20,3225.649902,3216.030029,3223.330078,3221.219971,6454270000,3221.219971,0.560308491
2019-12-23,3227.780029,3222.300049,3226.050049,3224.01001,3060610000,3224.01001,0.149945616
2019-12-24,3226.429932,3220.51001,3225.449951,3223.379883,1296540000,3223.379883,0.044663056
2019-12-26,3240.080078,3227.199951,3227.199951,3239.909912,2160680000,3239.909912,0.118511268
2019-12-27,3247.929932,3234.370117,3247.22998,3240.02002,2428670000,3240.02002,0.225934318
2019-12-30,3240.919922,3216.570068,3240.090088,3221.290039,3013290000,3221.290039,0.00216259
2019-12-31,3231.719971,3212.030029,3215.179932,3230.780029,2893810000,3230.780029,-0.189678897
2020-01-02,3258.139893,3235.530029,3244.669922,3257.850098,3458250000,3257.850098,0.429923809
2020-01-03,3246.149902,3222.340088,3226.360107,3234.850098,3461290000,3234.850098,-0.966588065
2020-01-06,3246.840088,3214.639893,3217.550049,3246.280029,3674070000,3246.280029,-0.53480218
2020-01-07,3244.909912,3232.429932,3241.860107,3237.179932,3420380000,3237.179932,-0.136153438
2020-01-08,3267.070068,3236.669922,3238.590088,3253.050049,3720890000,3253.050049,0.043561256
2020-01-09,3275.580078,3263.669922,3266.030029,3274.699951,3638390000,3274.699951,0.399009553
2020-01-10,3282.98999,3260.860107,3281.810059,3265.350098,3212970000,3265.350098,0.217122409
2020-01-13,3288.129883,3268.429932,3271.129883,3288.129883,3456380000,3288.129883,0.177003537
2020-01-14,3294.25,3277.189941,3285.350098,3283.149902,3665130000,3283.149902,-0.084540005
2020-01-15,3298.659912,3280.689941,3282.27002,3289.290039,3716840000,3289.290039,-0.026799959
2020-01-16,3317.110107,3302.820068,3302.969971,3316.810059,3535080000,3316.810059,0.41589314
2020-01-17,3329.879883,3318.860107,3323.659912,3329.620117,3698170000,3329.620117,0.206519318
2020-01-21,3329.790039,3316.610107,3321.030029,3320.790039,4105340000,3320.790039,-0.257990029
2020-01-22,3337.77002,3320.040039,3330.02002,3321.75,3619850000,3321.75,0.277945319
2020-01-23,3326.879883,3301.870117,3315.77002,3325.540039,3764860000,3325.540039,-0.180025001
2020-01-24,3333.179932,3281.530029,3333.100098,3295.469971,3707130000,3295.469971,0.22733326
2020-01-27,3258.850098,3234.5,3247.159912,3243.629883,3823100000,3243.629883,-1.465953537
2020-01-28,3285.780029,3253.219971,3255.350098,3276.23999,3526720000,3276.23999,0.361330215
2020-01-29,3293.469971,3271.889893,3289.459961,3273.399902,3584500000,3273.399902,0.403510449
2020-01-30,3285.909912,3242.800049,3256.449951,3283.659912,3787250000,3283.659912,-0.517808752
2020-01-31,3282.330078,3214.679932,3282.330078,3225.52002,4527830000,3225.52002,-0.04049853
2020-02-03,3268.439941,3235.659912,3235.659912,3248.919922,3757910000,3248.919922,0.314364584
2020-02-04,3306.919922,3280.610107,3280.610107,3297.590088,3995320000,3297.590088,0.975406791
2020-02-05,3337.580078,3313.75,3324.909912,3334.689941,4117730000,3334.689941,0.828478479
2020-02-06,3347.959961,3334.389893,3344.919922,3345.780029,3868370000,3345.780029,0.306774562
2020-02-07,3341.419922,3322.120117,3335.540039,3327.709961,3730650000,3327.709961,-0.306056888
2020-02-10,3352.26001,3317.77002,3318.280029,3352.090088,3450350000,3352.090088,-0.283376008
2020-02-11,3375.629883,3352.719971,3365.870117,3357.75,3760550000,3357.75,0.411087678
2020-02-12,3381.469971,3369.719971,3370.5,3379.449951,3926380000,3379.449951,0.379718562
2020-02-13,3385.090088,3360.52002,3365.899902,3373.939941,3498240000,3373.939941,-0.400954268
2020-02-14,3380.689941,3366.149902,3378.080078,3380.159912,3398040000,3380.159912,0.12270926
2020-02-18,3375.01001,3355.610107,3369.040039,3370.290039,3746720000,3370.290039,-0.328974763
2020-02-19,3393.52002,3378.830078,3380.389893,3386.149902,3600150000,3386.149902,0.299673126
2020-02-20,3389.149902,3341.02002,3380.449951,3373.22998,4007320000,3373.22998,-0.16833133
2020-02-21,3360.76001,3328.449951,3360.5,3337.75,3899270000,3337.75,-0.377382525
2020-02-24,3259.810059,3214.649902,3257.610107,3225.889893,4842960000,3225.889893,-2.401015432
2020-02-25,3246.98999,3118.77002,3238.939941,3128.209961,5591510000,3128.209961,0.40454105
2020-02-26,3182.51001,3108.98999,3139.899902,3116.389893,5478110000,3116.389893,0.373694271
2020-02-27,3097.070068,2977.389893,3062.540039,2978.76001,7058840000,2978.76001,-1.727956237
2020-02-28,2959.719971,2855.840088,2916.899902,2954.219971,8563850000,2954.219971,-2.076706657
2020-03-02,3090.959961,2945.189941,2974.280029,3090.22998,6376400000,3090.22998,0.679030634
2020-03-03,3136.719971,2976.629883,3096.459961,3003.370117,6355940000,3003.370117,0.201602486
2020-03-04,3130.969971,3034.379883,3045.75,3130.120117,5035480000,3130.120117,1.411077595
2020-03-05,3083.040039,2999.830078,3075.699951,3023.939941,5575550000,3023.939941,-1.73859673
2020-03-06,2985.929932,2901.540039,2954.199951,2972.370117,6552140000,2972.370117,-2.306262412
2020-03-09,2863.889893,2734.429932,2863.889893,2746.560059,8423050000,2746.560059,-3.649620348
2020-03-10,2882.590088,2734,2813.47998,2882.22998,7635960000,2882.22998,2.436499492
2020-03-11,2825.600098,2707.219971,2825.600098,2741.379883,7374110000,2741.379883,-1.964794038
2020-03-12,2660.949951,2478.860107,2630.860107,2480.639893,8829380000,2480.639893,-4.031538135
2020-03-13,2711.330078,2492.370117,2569.98999,2711.02002,8258670000,2711.02002,3.601897153
2020-03-16,2562.97998,2380.939941,2508.590088,2386.129883,7781540000,2386.129883,-7.46692869
2020-03-17,2553.929932,2367.040039,2425.659912,2529.189941,8358500000,2529.189941,1.656658742
2020-03-18,2453.570068,2280.52002,2436.5,2398.100098,8755780000,2398.100098,-3.66480745
2020-03-19,2466.969971,2319.780029,2393.47998,2409.389893,7946710000,2409.389893,-0.192657395
2020-03-20,2453.01001,2295.560059,2431.939941,2304.919922,9044690000,2304.919922,0.935923609
2020-03-23,2300.72998,2191.860107,2290.709961,2237.399902,7402180000,2237.399902,-0.616505624
2020-03-24,2449.709961,2344.439941,2344.439941,2447.330078,7547350000,2447.330078,4.784126385
2020-03-25,2571.419922,2407.530029,2457.77002,2475.560059,8285670000,2475.560059,0.426584934
2020-03-26,2637.01001,2500.719971,2501.290039,2630.070068,7753160000,2630.070068,1.039359978
2020-03-27,2615.909912,2520.02002,2555.870117,2541.469971,6194330000,2541.469971,-2.821215756
2020-03-30,2631.800049,2545.280029,2558.97998,2626.649902,5746220000,2626.649902,0.688971736
2020-03-31,2641.389893,2571.149902,2614.689941,2584.590088,6568290000,2584.590088,-0.455331368
2020-04-01,2522.75,2447.48999,2498.080078,2470.5,5947900000,2470.5,-3.347146233
2020-04-02,2533.219971,2455.790039,2458.540039,2526.899902,6454990000,2526.899902,-0.484110947
2020-04-03,2538.179932,2459.959961,2514.919922,2488.649902,6087190000,2488.649902,-0.474097943
2020-04-06,2676.850098,2574.570068,2578.280029,2663.679932,6391860000,2663.679932,3.601556284
2020-04-07,2756.889893,2657.669922,2738.649902,2659.409912,7040720000,2659.409912,2.814526243
2020-04-08,2760.75,2663.300049,2685,2749.97998,5856370000,2749.97998,0.962246842
2020-04-09,2818.570068,2762.360107,2776.98999,2789.820068,7880140000,2789.820068,0.982189323
2020-04-13,2782.459961,2721.169922,2782.459961,2761.629883,5274310000,2761.629883,-0.263820148
2020-04-14,2851.850098,2805.100098,2805.100098,2846.060059,5567400000,2846.060059,1.574078232
2020-04-15,2801.879883,2761.540039,2795.639893,2783.360107,5203390000,2783.360107,-1.771577724
2020-04-16,2806.51001,2764.320068,2799.340088,2799.550049,5179990000,2799.550049,0.574125512
2020-04-17,2879.219971,2830.879883,2842.429932,2874.560059,5792140000,2874.560059,1.531670521
2020-04-20,2868.97998,2820.429932,2845.620117,2823.159912,5220160000,2823.159912,-1.006760715
2020-04-21,2785.540039,2727.100098,2784.810059,2736.560059,5075830000,2736.560059,-1.358401745
2020-04-22,2815.100098,2775.949951,2787.889893,2799.310059,5049660000,2799.310059,1.875706467
2020-04-23,2844.899902,2794.26001,2810.419922,2797.800049,5756520000,2797.800049,0.396878625
2020-04-24,2842.709961,2791.76001,2812.639893,2836.73999,5374480000,2836.73999,0.530411162
2020-04-27,2887.719971,2852.889893,2854.649902,2878.47998,5194260000,2878.47998,0.631355435
2020-04-28,2921.149902,2860.709961,2909.959961,2863.389893,5672880000,2863.389893,1.09363208
2020-04-29,2954.860107,2912.159912,2918.459961,2939.51001,6620140000,2939.51001,1.923247285
2020-04-30,2930.909912,2892.469971,2930.909912,2912.429932,6523120000,2912.429932,-0.292569089
2020-05-01,2869.090088,2821.610107,2869.090088,2830.709961,4753160000,2830.709961,-1.488099105
2020-05-04,2844.23999,2797.850098,2815.01001,2842.73999,4723140000,2842.73999,-0.554629453
2020-05-05,2898.22998,2863.550049,2868.879883,2868.439941,5129590000,2868.439941,0.919531602
2020-05-06,2891.110107,2847.649902,2883.139893,2848.419922,4861920000,2848.419922,0.512471987
2020-05-07,2901.919922,2876.47998,2878.26001,2881.189941,5164640000,2881.189941,1.047601432
2020-05-08,2932.159912,2902.879883,2908.830078,2929.800049,4857160000,2929.800049,0.959330599
2020-05-11,2944.25,2903.439941,2915.459961,2930.189941,4807320000,2930.189941,-0.489456197
2020-05-12,2945.820068,2869.590088,2939.5,2870.120117,5107710000,2870.120117,0.317728843
2020-05-13,2874.139893,2793.149902,2865.860107,2820,6143130000,2820,-0.148426184
2020-05-14,2852.800049,2766.639893,2794.540039,2852.5,5641920000,2852.5,-0.902835494
2020-05-15,2865.01001,2816.780029,2829.949951,2863.699951,5477040000,2863.699951,-0.790536331
2020-05-18,2968.090088,2913.860107,2913.860107,2953.909912,6364290000,2953.909912,1.75158561
2020-05-19,2964.209961,2922.350098,2948.590088,2922.939941,4969330000,2922.939941,-0.180094328
2020-05-20,2980.290039,2953.629883,2953.629883,2971.610107,4992970000,2971.610107,1.049968252
